Workbook

Sheet KRAFTXL

Sheet KXL Guide

Sheet Start
C2: School Name: | D2: SAMPLE SCHOOL
F3: #VALUE!
C4: Grade: | D4: 6
C6: Header: | D6: TERMINAL REPORT (JHS)
C8: Academic Year: | D8: 2024/2025
C10: Term | D10: Total Attendance | E10: Vacation Date | F10: Resume Date
C11: 1st | D11: 54 | E11: 45303 | F11: 45658
C12: 2nd | D12: 53 | E12: 30/03/2025 | F12: 45662
C13: 3rd | D13: 55 | E13: 30/08/2025 | F13: 45667

Sheet Term 1 Summary Sheet
A1: TERM 1 TEACHER'S SUMMARY SHEET
A2: ID# | B2: STUDENT NAME | C2: MATHEMATICS | G2: ENGLISH LANGUAGE | K2: SOCIAL STUDIES | O2: INTEGRATED SCIENCE | S2: CREATIVE ARTS | W2: CAREER TECHNOLOGY | AA2: COMPUTING | AE2: RELIGIOUS & MORAL EDUCATION | AI2: FRENCH | AM2: GHANAIAN LANGUAGE (TWI) | AQ2: HIGH SCORE | AR2: RANK | AS2: ATTENDANCE | AT2: CONDUCT | AU2: LEARNERS INTEREST | AV2: CLASS FACILITATOR'S REMARKS
C3: CS | D3: ES | E3: TL | F3: PN | G3: CS | H3: ES | I3: TL | J3: PN | K3: CS | L3: ES | M3: TL | N3: PN | O3: CS | P3: ES | Q3: TL | R3: PN | S3: CS | T3: ES | U3: TL | V3: PN | W3: CS | X3: ES | Y3: TL | Z3: PN | AA3: CS | AB3: ES | AC3: TL | AD3: PN | AE3: CS | AF3: ES | AG3: TL | AH3: PN | AI3: CS | AJ3: ES | AK3: TL | AL3: PN | AM3: CS | AN3: ES | AO3: TL | AP3: PN
A5: P001 | B5: Benjamin Jackson | C5: ='[1]Term 1'!$N$5 -> 38.5 | D5: ='[1]Term 1'!$P5 -> 47.5 | E5: =SUM(C5,D5) -> 86 | F5: =_xlfn.RANK.EQ(E5,$E$5:$E$104,) -> 1 | G5: ='[2]Term 1'!$N$5 -> 0 | H5: ='[2]Term 1'!$P$5 -> 0 | I5: =SUM(G5,H5) -> 0 | J5: =_xlfn.RANK.EQ(I5,$I$5:$I$104,) -> 1 | K5: ='[3]Term 1'!$N$5 -> 0 | L5: ='[3]Term 1'!$P$5 -> 0 | M5: =SUM(K5,L5) -> 0 | N5: =_xlfn.RANK.EQ(M5,$M$5:$M$104,) -> 1 | O5: ='[4]Term 1'!$N$5 -> 0 | P5: ='[4]Term 1'!$P$5 -> 0 | Q5: =SUM(O5,P5) -> 0 | R5: =_xlfn.RANK.EQ(Q5,$Q$5:$Q$104,) -> 1 | S5: ='[5]Term 1'!$N$5 -> 0 | T5: ='[5]Term 1'!$P$5 -> 0 | U5: =SUM(S5,T5) -> 0 | V5: =_xlfn.RANK.EQ(U5,$U$5:$U$104,) -> 1 | W5: ='[6]Term 1'!$N$5 -> 0 | X5: ='[6]Term 1'!$P$5 -> 0 | Y5: =SUM(W5,X5) -> 0 | Z5: =_xlfn.RANK.EQ(Y5,$Y$5:$Y$104,) -> 1 | AA5: ='[7]Term 1'!$N$5 -> 0 | AB5: ='[7]Term 1'!$P$5 -> 0 | AC5: =SUM(AA5,AB5) -> 0 | AD5: =_xlfn.RANK.EQ(AC5,$AC$5:$AC$104,) -> 1 | AE5: ='[8]Term 1'!$N$5 -> 0 | AF5: ='[8]Term 1'!$P$5 -> 0 | AG5: =SUM(AE5,AF5) -> 0 | AH5: =_xlfn.RANK.EQ(AG5,$AG$5:$AG$104,) -> 1 | AI5: ='[9]Term 1'!$N$5 -> 0 | AJ5: ='[9]Term 1'!$P$5 -> 0 | AK5: =SUM(AI5,AJ5) -> 0 | AL5: =_xlfn.RANK.EQ(AK5,$AK$5:$AK$104,) -> 1 | AM5: ='[10]Term 1'!$N$5 -> 0 | AN5: ='[10]Term 1'!$P$5 -> 0 | AO5: =SUM(AM5,AN5) -> 0 | AP5: =_xlfn.RANK.EQ(AO5,$AO$5:$AO$104,) -> 1 | AQ5: =SUM(E5,I5,M5,Q5,U5,Y5,AC5,AG5,AK5,AO5) -> 86 | AR5: =_xlfn.RANK.EQ(AQ5,$AQ$5:$AQ$104,) -> 1 | AS5: ±
A6: P002 | B6: Henry Franklin | C6: ='[1]Term 1'!$N$6 -> 34 | D6: ='[1]Term 1'!$P6 -> 48 | E6: =SUM(C6,D6) -> 82 | F6: =_xlfn.RANK.EQ(E6,$E$5:$E$104,) -> 3 | G6: ='[2]Term 1'!$N$6 -> 0 | H6: ='[2]Term 1'!$P$6 -> 0 | I6: =SUM(G6,H6) -> 0 | J6: =_xlfn.RANK.EQ(I6,$I$5:$I$104,) -> 1 | K6: ='[3]Term 1'!$N$6 -> 0 | L6: ='[3]Term 1'!$P$6 -> 0 | M6: =SUM(K6,L6) -> 0 | N6: =_xlfn.RANK.EQ(M6,$M$5:$M$104,) -> 1 | O6: ='[4]Term 1'!$N$6 -> 0 | P6: ='[4]Term 1'!$P$6 -> 0 | Q6: =SUM(O6,P6) -> 0 | R6: =_xlfn.RANK.EQ(Q6,$Q$5:$Q$104,) -> 1 | S6: ='[5]Term 1'!$N$6 -> 0 | T6: ='[5]Term 1'!$P$6 -> 0 | U6: =SUM(S6,T6) -> 0 | V6: =_xlfn.RANK.EQ(U6,$U$5:$U$104,) -> 1 | W6: ='[6]Term 1'!$N$6 -> 0 | X6: ='[6]Term 1'!$P$6 -> 0 | Y6: =SUM(W6,X6) -> 0 | Z6: =_xlfn.RANK.EQ(Y6,$Y$5:$Y$104,) -> 1 | AA6: ='[7]Term 1'!$N$6 -> 0 | AB6: ='[7]Term 1'!$P$6 -> 0 | AC6: =SUM(AA6,AB6) -> 0 | AD6: =_xlfn.RANK.EQ(AC6,$AC$5:$AC$104,) -> 1 | AE6: ='[8]Term 1'!$N$6 -> 0 | AF6: ='[8]Term 1'!$P$6 -> 0 | AG6: =SUM(AE6,AF6) -> 0 | AH6: =_xlfn.RANK.EQ(AG6,$AG$5:$AG$104,) -> 1 | AI6: ='[9]Term 1'!$N$6 -> 0 | AJ6: ='[9]Term 1'!$P$6 -> 0 | AK6: =SUM(AI6,AJ6) -> 0 | AL6: =_xlfn.RANK.EQ(AK6,$AK$5:$AK$104,) -> 1 | AM6: ='[10]Term 1'!$N$6 -> 0 | AN6: ='[10]Term 1'!$P$6 -> 0 | AO6: =SUM(AM6,AN6) -> 0 | AP6: =_xlfn.RANK.EQ(AO6,$AO$5:$AO$104,) -> 1 | AQ6: =SUM(E6,I6,M6,Q6,U6,Y6,AC6,AG6,AK6,AO6) -> 82 | AR6: =_xlfn.RANK.EQ(AQ6,$AQ$5:$AQ$104,) -> 3 | AS6: ±
A7: P003 | B7: Lily Moore | C7: ='[1]Term 1'!$N$7 -> 36 | D7: ='[1]Term 1'!$P7 -> 48 | E7: =SUM(C7,D7) -> 84 | F7: =_xlfn.RANK.EQ(E7,$E$5:$E$104,) -> 2 | G7: ='[2]Term 1'!$N$7 -> 0 | H7: ='[2]Term 1'!$P$7 -> 0 | I7: =SUM(G7,H7) -> 0 | J7: =_xlfn.RANK.EQ(I7,$I$5:$I$104,) -> 1 | K7: ='[3]Term 1'!$N$7 -> 0 | L7: ='[3]Term 1'!$P$7 -> 0 | M7: =SUM(K7,L7) -> 0 | N7: =_xlfn.RANK.EQ(M7,$M$5:$M$104,) -> 1 | O7: ='[4]Term 1'!$N$7 -> 0 | P7: ='[4]Term 1'!$P$7 -> 0 | Q7: =SUM(O7,P7) -> 0 | R7: =_xlfn.RANK.EQ(Q7,$Q$5:$Q$104,) -> 1 | S7: ='[5]Term 1'!$N$7 -> 0 | T7: ='[5]Term 1'!$P$7 -> 0 | U7: =SUM(S7,T7) -> 0 | V7: =_xlfn.RANK.EQ(U7,$U$5:$U$104,) -> 1 | W7: ='[6]Term 1'!$N$7 -> 0 | X7: ='[6]Term 1'!$P$7 -> 0 | Y7: =SUM(W7,X7) -> 0 | Z7: =_xlfn.RANK.EQ(Y7,$Y$5:$Y$104,) -> 1 | AA7: ='[7]Term 1'!$N$7 -> 0 | AB7: ='[7]Term 1'!$P$7 -> 0 | AC7: =SUM(AA7,AB7) -> 0 | AD7: =_xlfn.RANK.EQ(AC7,$AC$5:$AC$104,) -> 1 | AE7: ='[8]Term 1'!$N$7 -> 0 | AF7: ='[8]Term 1'!$P$7 -> 0 | AG7: =SUM(AE7,AF7) -> 0 | AH7: =_xlfn.RANK.EQ(AG7,$AG$5:$AG$104,) -> 1 | AI7: ='[9]Term 1'!$N$7 -> 0 | AJ7: ='[9]Term 1'!$P$7 -> 0 | AK7: =SUM(AI7,AJ7) -> 0 | AL7: =_xlfn.RANK.EQ(AK7,$AK$5:$AK$104,) -> 1 | AM7: ='[10]Term 1'!$N$7 -> 0 | AN7: ='[10]Term 1'!$P$7 -> 0 | AO7: =SUM(AM7,AN7) -> 0 | AP7: =_xlfn.RANK.EQ(AO7,$AO$5:$AO$104,) -> 1 | AQ7: =SUM(E7,I7,M7,Q7,U7,Y7,AC7,AG7,AK7,AO7) -> 84 | AR7: =_xlfn.RANK.EQ(AQ7,$AQ$5:$AQ$104,) -> 2 | AS7: ±
A8: P004 | C8: ='[1]Term 1'!$N$8 -> 0 | D8: ='[1]Term 1'!$P8 -> 0 | E8: =SUM(C8,D8) -> 0 | F8: =_xlfn.RANK.EQ(E8,$E$5:$E$104,) -> 4 | G8: ='[2]Term 1'!$N$8 -> 0 | H8: ='[2]Term 1'!$P$8 -> 0 | I8: =SUM(G8,H8) -> 0 | J8: =_xlfn.RANK.EQ(I8,$I$5:$I$104,) -> 1 | K8: ='[3]Term 1'!$N$8 -> 0 | L8: ='[3]Term 1'!$P$8 -> 0 | M8: =SUM(K8,L8) -> 0 | N8: =_xlfn.RANK.EQ(M8,$M$5:$M$104,) -> 1 | O8: ='[4]Term 1'!$N$8 -> 0 | P8: ='[4]Term 1'!$P$8 -> 0 | Q8: =SUM(O8,P8) -> 0 | R8: =_xlfn.RANK.EQ(Q8,$Q$5:$Q$104,) -> 1 | S8: ='[5]Term 1'!$N$8 -> 0 | T8: ='[5]Term 1'!$P$8 -> 0 | U8: =SUM(S8,T8) -> 0 | V8: =_xlfn.RANK.EQ(U8,$U$5:$U$104,) -> 1 | W8: ='[6]Term 1'!$N$8 -> 0 | X8: ='[6]Term 1'!$P$8 -> 0 | Y8: =SUM(W8,X8) -> 0 | Z8: =_xlfn.RANK.EQ(Y8,$Y$5:$Y$104,) -> 1 | AA8: ='[7]Term 1'!$N$8 -> 0 | AB8: ='[7]Term 1'!$P$8 -> 0 | AC8: =SUM(AA8,AB8) -> 0 | AD8: =_xlfn.RANK.EQ(AC8,$AC$5:$AC$104,) -> 1 | AE8: ='[8]Term 1'!$N$8 -> 0 | AF8: ='[8]Term 1'!$P$8 -> 0 | AG8: =SUM(AE8,AF8) -> 0 | AH8: =_xlfn.RANK.EQ(AG8,$AG$5:$AG$104,) -> 1 | AI8: ='[9]Term 1'!$N$8 -> 0 | AJ8: ='[9]Term 1'!$P$8 -> 0 | AK8: =SUM(AI8,AJ8) -> 0 | AL8: =_xlfn.RANK.EQ(AK8,$AK$5:$AK$104,) -> 1 | AM8: ='[10]Term 1'!$N$8 -> 0 | AN8: ='[10]Term 1'!$P$8 -> 0 | AO8: =SUM(AM8,AN8) -> 0 | AP8: =_xlfn.RANK.EQ(AO8,$AO$5:$AO$104,) -> 1 | AQ8: =SUM(E8,I8,M8,Q8,U8,Y8,AC8,AG8,AK8,AO8) -> 0 | AR8: =_xlfn.RANK.EQ(AQ8,$AQ$5:$AQ$104,) -> 4 | AS8: ±
A9: P005 | C9: ='[1]Term 1'!$N$9 -> 0 | D9: ='[1]Term 1'!$P9 -> 0 | E9: =SUM(C9,D9) -> 0 | F9: =_xlfn.RANK.EQ(E9,$E$5:$E$104,) -> 4 | G9: ='[2]Term 1'!$N$9 -> 0 | H9: ='[2]Term 1'!$P$9 -> 0 | I9: =SUM(G9,H9) -> 0 | J9: =_xlfn.RANK.EQ(I9,$I$5:$I$104,) -> 1 | K9: ='[3]Term 1'!$N$9 -> 0 | L9: ='[3]Term 1'!$P$9 -> 0 | M9: =SUM(K9,L9) -> 0 | N9: =_xlfn.RANK.EQ(M9,$M$5:$M$104,) -> 1 | O9: ='[4]Term 1'!$N$9 -> 0 | P9: ='[4]Term 1'!$P$9 -> 0 | Q9: =SUM(O9,P9) -> 0 | R9: =_xlfn.RANK.EQ(Q9,$Q$5:$Q$104,) -> 1 | S9: ='[5]Term 1'!$N$9 -> 0 | T9: ='[5]Term 1'!$P$9 -> 0 | U9: =SUM(S9,T9) -> 0 | V9: =_xlfn.RANK.EQ(U9,$U$5:$U$104,) -> 1 | W9: ='[6]Term 1'!$N$9 -> 0 | X9: ='[6]Term 1'!$P$9 -> 0 | Y9: =SUM(W9,X9) -> 0 | Z9: =_xlfn.RANK.EQ(Y9,$Y$5:$Y$104,) -> 1 | AA9: ='[7]Term 1'!$N$9 -> 0 | AB9: ='[7]Term 1'!$P$9 -> 0 | AC9: =SUM(AA9,AB9) -> 0 | AD9: =_xlfn.RANK.EQ(AC9,$AC$5:$AC$104,) -> 1 | AE9: ='[8]Term 1'!$N$9 -> 0 | AF9: ='[8]Term 1'!$P$9 -> 0 | AG9: =SUM(AE9,AF9) -> 0 | AH9: =_xlfn.RANK.EQ(AG9,$AG$5:$AG$104,) -> 1 | AI9: ='[9]Term 1'!$N$9 -> 0 | AJ9: ='[9]Term 1'!$P$9 -> 0 | AK9: =SUM(AI9,AJ9) -> 0 | AL9: =_xlfn.RANK.EQ(AK9,$AK$5:$AK$104,) -> 1 | AM9: ='[10]Term 1'!$N$9 -> 0 | AN9: ='[10]Term 1'!$P$9 -> 0 | AO9: =SUM(AM9,AN9) -> 0 | AP9: =_xlfn.RANK.EQ(AO9,$AO$5:$AO$104,) -> 1 | AQ9: =SUM(E9,I9,M9,Q9,U9,Y9,AC9,AG9,AK9,AO9) -> 0 | AR9: =_xlfn.RANK.EQ(AQ9,$AQ$5:$AQ$104,) -> 4 | AS9: ±
A10: P006 | C10: ='[1]Term 1'!$N$10 -> 0 | D10: ='[1]Term 1'!$P10 -> 0 | E10: =SUM(C10,D10) -> 0 | F10: =_xlfn.RANK.EQ(E10,$E$5:$E$104,) -> 4 | G10: ='[2]Term 1'!$N$10 -> 0 | H10: ='[2]Term 1'!$P$10 -> 0 | I10: =SUM(G10,H10) -> 0 | J10: =_xlfn.RANK.EQ(I10,$I$5:$I$104,) -> 1 | K10: ='[3]Term 1'!$N$10 -> 0 | L10: ='[3]Term 1'!$P$10 -> 0 | M10: =SUM(K10,L10) -> 0 | N10: =_xlfn.RANK.EQ(M10,$M$5:$M$104,) -> 1 | O10: ='[4]Term 1'!$N$10 -> 0 | P10: ='[4]Term 1'!$P$10 -> 0 | Q10: =SUM(O10,P10) -> 0 | R10: =_xlfn.RANK.EQ(Q10,$Q$5:$Q$104,) -> 1 | S10: ='[5]Term 1'!$N$10 -> 0 | T10: ='[5]Term 1'!$P$10 -> 0 | U10: =SUM(S10,T10) -> 0 | V10: =_xlfn.RANK.EQ(U10,$U$5:$U$104,) -> 1 | W10: ='[6]Term 1'!$N$10 -> 0 | X10: ='[6]Term 1'!$P$10 -> 0 | Y10: =SUM(W10,X10) -> 0 | Z10: =_xlfn.RANK.EQ(Y10,$Y$5:$Y$104,) -> 1 | AA10: ='[7]Term 1'!$N$10 -> 0 | AB10: ='[7]Term 1'!$P$10 -> 0 | AC10: =SUM(AA10,AB10) -> 0 | AD10: =_xlfn.RANK.EQ(AC10,$AC$5:$AC$104,) -> 1 | AE10: ='[8]Term 1'!$N$10 -> 0 | AF10: ='[8]Term 1'!$P$10 -> 0 | AG10: =SUM(AE10,AF10) -> 0 | AH10: =_xlfn.RANK.EQ(AG10,$AG$5:$AG$104,) -> 1 | AI10: ='[9]Term 1'!$N$10 -> 0 | AJ10: ='[9]Term 1'!$P$10 -> 0 | AK10: =SUM(AI10,AJ10) -> 0 | AL10: =_xlfn.RANK.EQ(AK10,$AK$5:$AK$104,) -> 1 | AM10: ='[10]Term 1'!$N$10 -> 0 | AN10: ='[10]Term 1'!$P$10 -> 0 | AO10: =SUM(AM10,AN10) -> 0 | AP10: =_xlfn.RANK.EQ(AO10,$AO$5:$AO$104,) -> 1 | AQ10: =SUM(E10,I10,M10,Q10,U10,Y10,AC10,AG10,AK10,AO10) -> 0 | AR10: =_xlfn.RANK.EQ(AQ10,$AQ$5:$AQ$104,) -> 4 | AS10: ±
A11: P007 | C11: ='[1]Term 1'!$N$11 -> 0 | D11: ='[1]Term 1'!$P11 -> 0 | E11: =SUM(C11,D11) -> 0 | F11: =_xlfn.RANK.EQ(E11,$E$5:$E$104,) -> 4 | G11: ='[2]Term 1'!$N$11 -> 0 | H11: ='[2]Term 1'!$P$11 -> 0 | I11: =SUM(G11,H11) -> 0 | J11: =_xlfn.RANK.EQ(I11,$I$5:$I$104,) -> 1 | K11: ='[3]Term 1'!$N$11 -> 0 | L11: ='[3]Term 1'!$P$11 -> 0 | M11: =SUM(K11,L11) -> 0 | N11: =_xlfn.RANK.EQ(M11,$M$5:$M$104,) -> 1 | O11: ='[4]Term 1'!$N$11 -> 0 | P11: ='[4]Term 1'!$P$11 -> 0 | Q11: =SUM(O11,P11) -> 0 | R11: =_xlfn.RANK.EQ(Q11,$Q$5:$Q$104,) -> 1 | S11: ='[5]Term 1'!$N$11 -> 0 | T11: ='[5]Term 1'!$P$11 -> 0 | U11: =SUM(S11,T11) -> 0 | V11: =_xlfn.RANK.EQ(U11,$U$5:$U$104,) -> 1 | W11: ='[6]Term 1'!$N$11 -> 0 | X11: ='[6]Term 1'!$P$11 -> 0 | Y11: =SUM(W11,X11) -> 0 | Z11: =_xlfn.RANK.EQ(Y11,$Y$5:$Y$104,) -> 1 | AA11: ='[7]Term 1'!$N$11 -> 0 | AB11: ='[7]Term 1'!$P$11 -> 0 | AC11: =SUM(AA11,AB11) -> 0 | AD11: =_xlfn.RANK.EQ(AC11,$AC$5:$AC$104,) -> 1 | AE11: ='[8]Term 1'!$N$11 -> 0 | AF11: ='[8]Term 1'!$P$11 -> 0 | AG11: =SUM(AE11,AF11) -> 0 | AH11: =_xlfn.RANK.EQ(AG11,$AG$5:$AG$104,) -> 1 | AI11: ='[9]Term 1'!$N$11 -> 0 | AJ11: ='[9]Term 1'!$P$11 -> 0 | AK11: =SUM(AI11,AJ11) -> 0 | AL11: =_xlfn.RANK.EQ(AK11,$AK$5:$AK$104,) -> 1 | AM11: ='[10]Term 1'!$N$11 -> 0 | AN11: ='[10]Term 1'!$P$11 -> 0 | AO11: =SUM(AM11,AN11) -> 0 | AP11: =_xlfn.RANK.EQ(AO11,$AO$5:$AO$104,) -> 1 | AQ11: =SUM(E11,I11,M11,Q11,U11,Y11,AC11,AG11,AK11,AO11) -> 0 | AR11: =_xlfn.RANK.EQ(AQ11,$AQ$5:$AQ$104,) -> 4 | AS11: ±
A12: P008 | C12: ='[1]Term 1'!$N$12 -> 0 | D12: ='[1]Term 1'!$P12 -> 0 | E12: =SUM(C12,D12) -> 0 | F12: =_xlfn.RANK.EQ(E12,$E$5:$E$104,) -> 4 | G12: ='[2]Term 1'!$N$12 -> 0 | H12: ='[2]Term 1'!$P$12 -> 0 | I12: =SUM(G12,H12) -> 0 | J12: =_xlfn.RANK.EQ(I12,$I$5:$I$104,) -> 1 | K12: ='[3]Term 1'!$N$12 -> 0 | L12: ='[3]Term 1'!$P$12 -> 0 | M12: =SUM(K12,L12) -> 0 | N12: =_xlfn.RANK.EQ(M12,$M$5:$M$104,) -> 1 | O12: ='[4]Term 1'!$N$12 -> 0 | P12: ='[4]Term 1'!$P$12 -> 0 | Q12: =SUM(O12,P12) -> 0 | R12: =_xlfn.RANK.EQ(Q12,$Q$5:$Q$104,) -> 1 | S12: ='[5]Term 1'!$N$12 -> 0 | T12: ='[5]Term 1'!$P$12 -> 0 | U12: =SUM(S12,T12) -> 0 | V12: =_xlfn.RANK.EQ(U12,$U$5:$U$104,) -> 1 | W12: ='[6]Term 1'!$N$12 -> 0 | X12: ='[6]Term 1'!$P$12 -> 0 | Y12: =SUM(W12,X12) -> 0 | Z12: =_xlfn.RANK.EQ(Y12,$Y$5:$Y$104,) -> 1 | AA12: ='[7]Term 1'!$N$12 -> 0 | AB12: ='[7]Term 1'!$P$12 -> 0 | AC12: =SUM(AA12,AB12) -> 0 | AD12: =_xlfn.RANK.EQ(AC12,$AC$5:$AC$104,) -> 1 | AE12: ='[8]Term 1'!$N$12 -> 0 | AF12: ='[8]Term 1'!$P$12 -> 0 | AG12: =SUM(AE12,AF12) -> 0 | AH12: =_xlfn.RANK.EQ(AG12,$AG$5:$AG$104,) -> 1 | AI12: ='[9]Term 1'!$N$12 -> 0 | AJ12: ='[9]Term 1'!$P$12 -> 0 | AK12: =SUM(AI12,AJ12) -> 0 | AL12: =_xlfn.RANK.EQ(AK12,$AK$5:$AK$104,) -> 1 | AM12: ='[10]Term 1'!$N$12 -> 0 | AN12: ='[10]Term 1'!$P$12 -> 0 | AO12: =SUM(AM12,AN12) -> 0 | AP12: =_xlfn.RANK.EQ(AO12,$AO$5:$AO$104,) -> 1 | AQ12: =SUM(E12,I12,M12,Q12,U12,Y12,AC12,AG12,AK12,AO12) -> 0 | AR12: =_xlfn.RANK.EQ(AQ12,$AQ$5:$AQ$104,) -> 4 | AS12: ±
A13: P009 | C13: ='[1]Term 1'!$N$13 -> 0 | D13: ='[1]Term 1'!$P13 -> 0 | E13: =SUM(C13,D13) -> 0 | F13: =_xlfn.RANK.EQ(E13,$E$5:$E$104,) -> 4 | G13: ='[2]Term 1'!$N$13 -> 0 | H13: ='[2]Term 1'!$P$13 -> 0 | I13: =SUM(G13,H13) -> 0 | J13: =_xlfn.RANK.EQ(I13,$I$5:$I$104,) -> 1 | K13: ='[3]Term 1'!$N$13 -> 0 | L13: ='[3]Term 1'!$P$13 -> 0 | M13: =SUM(K13,L13) -> 0 | N13: =_xlfn.RANK.EQ(M13,$M$5:$M$104,) -> 1 | O13: ='[4]Term 1'!$N$13 -> 0 | P13: ='[4]Term 1'!$P$13 -> 0 | Q13: =SUM(O13,P13) -> 0 | R13: =_xlfn.RANK.EQ(Q13,$Q$5:$Q$104,) -> 1 | S13: ='[5]Term 1'!$N$13 -> 0 | T13: ='[5]Term 1'!$P$13 -> 0 | U13: =SUM(S13,T13) -> 0 | V13: =_xlfn.RANK.EQ(U13,$U$5:$U$104,) -> 1 | W13: ='[6]Term 1'!$N$13 -> 0 | X13: ='[6]Term 1'!$P$13 -> 0 | Y13: =SUM(W13,X13) -> 0 | Z13: =_xlfn.RANK.EQ(Y13,$Y$5:$Y$104,) -> 1 | AA13: ='[7]Term 1'!$N$13 -> 0 | AB13: ='[7]Term 1'!$P$13 -> 0 | AC13: =SUM(AA13,AB13) -> 0 | AD13: =_xlfn.RANK.EQ(AC13,$AC$5:$AC$104,) -> 1 | AE13: ='[8]Term 1'!$N$13 -> 0 | AF13: ='[8]Term 1'!$P$13 -> 0 | AG13: =SUM(AE13,AF13) -> 0 | AH13: =_xlfn.RANK.EQ(AG13,$AG$5:$AG$104,) -> 1 | AI13: ='[9]Term 1'!$N$13 -> 0 | AJ13: ='[9]Term 1'!$P$13 -> 0 | AK13: =SUM(AI13,AJ13) -> 0 | AL13: =_xlfn.RANK.EQ(AK13,$AK$5:$AK$104,) -> 1 | AM13: ='[10]Term 1'!$N$13 -> 0 | AN13: ='[10]Term 1'!$P$13 -> 0 | AO13: =SUM(AM13,AN13) -> 0 | AP13: =_xlfn.RANK.EQ(AO13,$AO$5:$AO$104,) -> 1 | AQ13: =SUM(E13,I13,M13,Q13,U13,Y13,AC13,AG13,AK13,AO13) -> 0 | AR13: =_xlfn.RANK.EQ(AQ13,$AQ$5:$AQ$104,) -> 4 | AS13: ±
A14: P010 | C14: ='[1]Term 1'!$N$14 -> 0 | D14: ='[1]Term 1'!$P14 -> 0 | E14: =SUM(C14,D14) -> 0 | F14: =_xlfn.RANK.EQ(E14,$E$5:$E$104,) -> 4 | G14: ='[2]Term 1'!$N$14 -> 0 | H14: ='[2]Term 1'!$P$14 -> 0 | I14: =SUM(G14,H14) -> 0 | J14: =_xlfn.RANK.EQ(I14,$I$5:$I$104,) -> 1 | K14: ='[3]Term 1'!$N$14 -> 0 | L14: ='[3]Term 1'!$P$14 -> 0 | M14: =SUM(K14,L14) -> 0 | N14: =_xlfn.RANK.EQ(M14,$M$5:$M$104,) -> 1 | O14: ='[4]Term 1'!$N$14 -> 0 | P14: ='[4]Term 1'!$P$14 -> 0 | Q14: =SUM(O14,P14) -> 0 | R14: =_xlfn.RANK.EQ(Q14,$Q$5:$Q$104,) -> 1 | S14: ='[5]Term 1'!$N$14 -> 0 | T14: ='[5]Term 1'!$P$14 -> 0 | U14: =SUM(S14,T14) -> 0 | V14: =_xlfn.RANK.EQ(U14,$U$5:$U$104,) -> 1 | W14: ='[6]Term 1'!$N$14 -> 0 | X14: ='[6]Term 1'!$P$14 -> 0 | Y14: =SUM(W14,X14) -> 0 | Z14: =_xlfn.RANK.EQ(Y14,$Y$5:$Y$104,) -> 1 | AA14: ='[7]Term 1'!$N$14 -> 0 | AB14: ='[7]Term 1'!$P$14 -> 0 | AC14: =SUM(AA14,AB14) -> 0 | AD14: =_xlfn.RANK.EQ(AC14,$AC$5:$AC$104,) -> 1 | AE14: ='[8]Term 1'!$N$14 -> 0 | AF14: ='[8]Term 1'!$P$14 -> 0 | AG14: =SUM(AE14,AF14) -> 0 | AH14: =_xlfn.RANK.EQ(AG14,$AG$5:$AG$104,) -> 1 | AI14: ='[9]Term 1'!$N$14 -> 0 | AJ14: ='[9]Term 1'!$P$14 -> 0 | AK14: =SUM(AI14,AJ14) -> 0 | AL14: =_xlfn.RANK.EQ(AK14,$AK$5:$AK$104,) -> 1 | AM14: ='[10]Term 1'!$N$14 -> 0 | AN14: ='[10]Term 1'!$P$14 -> 0 | AO14: =SUM(AM14,AN14) -> 0 | AP14: =_xlfn.RANK.EQ(AO14,$AO$5:$AO$104,) -> 1 | AQ14: =SUM(E14,I14,M14,Q14,U14,Y14,AC14,AG14,AK14,AO14) -> 0 | AR14: =_xlfn.RANK.EQ(AQ14,$AQ$5:$AQ$104,) -> 4 | AS14: ±
A15: P011 | C15: ='[1]Term 1'!$N$15 -> 0 | D15: ='[1]Term 1'!$P15 -> 0 | E15: =SUM(C15,D15) -> 0 | F15: =_xlfn.RANK.EQ(E15,$E$5:$E$104,) -> 4 | G15: ='[2]Term 1'!$N$15 -> 0 | H15: ='[2]Term 1'!$P$15 -> 0 | I15: =SUM(G15,H15) -> 0 | J15: =_xlfn.RANK.EQ(I15,$I$5:$I$104,) -> 1 | K15: ='[3]Term 1'!$N$15 -> 0 | L15: ='[3]Term 1'!$P$15 -> 0 | M15: =SUM(K15,L15) -> 0 | N15: =_xlfn.RANK.EQ(M15,$M$5:$M$104,) -> 1 | O15: ='[4]Term 1'!$N$15 -> 0 | P15: ='[4]Term 1'!$P$15 -> 0 | Q15: =SUM(O15,P15) -> 0 | R15: =_xlfn.RANK.EQ(Q15,$Q$5:$Q$104,) -> 1 | S15: ='[5]Term 1'!$N$15 -> 0 | T15: ='[5]Term 1'!$P$15 -> 0 | U15: =SUM(S15,T15) -> 0 | V15: =_xlfn.RANK.EQ(U15,$U$5:$U$104,) -> 1 | W15: ='[6]Term 1'!$N$15 -> 0 | X15: ='[6]Term 1'!$P$15 -> 0 | Y15: =SUM(W15,X15) -> 0 | Z15: =_xlfn.RANK.EQ(Y15,$Y$5:$Y$104,) -> 1 | AA15: ='[7]Term 1'!$N$15 -> 0 | AB15: ='[7]Term 1'!$P$15 -> 0 | AC15: =SUM(AA15,AB15) -> 0 | AD15: =_xlfn.RANK.EQ(AC15,$AC$5:$AC$104,) -> 1 | AE15: ='[8]Term 1'!$N$15 -> 0 | AF15: ='[8]Term 1'!$P$15 -> 0 | AG15: =SUM(AE15,AF15) -> 0 | AH15: =_xlfn.RANK.EQ(AG15,$AG$5:$AG$104,) -> 1 | AI15: ='[9]Term 1'!$N$15 -> 0 | AJ15: ='[9]Term 1'!$P$15 -> 0 | AK15: =SUM(AI15,AJ15) -> 0 | AL15: =_xlfn.RANK.EQ(AK15,$AK$5:$AK$104,) -> 1 | AM15: ='[10]Term 1'!$N$15 -> 0 | AN15: ='[10]Term 1'!$P$15 -> 0 | AO15: =SUM(AM15,AN15) -> 0 | AP15: =_xlfn.RANK.EQ(AO15,$AO$5:$AO$104,) -> 1 | AQ15: =SUM(E15,I15,M15,Q15,U15,Y15,AC15,AG15,AK15,AO15) -> 0 | AR15: =_xlfn.RANK.EQ(AQ15,$AQ$5:$AQ$104,) -> 4 | AS15: ±
A16: P012 | C16: ='[1]Term 1'!$N$16 -> 0 | D16: ='[1]Term 1'!$P16 -> 0 | E16: =SUM(C16,D16) -> 0 | F16: =_xlfn.RANK.EQ(E16,$E$5:$E$104,) -> 4 | G16: ='[2]Term 1'!$N$16 -> 0 | H16: ='[2]Term 1'!$P$16 -> 0 | I16: =SUM(G16,H16) -> 0 | J16: =_xlfn.RANK.EQ(I16,$I$5:$I$104,) -> 1 | K16: ='[3]Term 1'!$N$16 -> 0 | L16: ='[3]Term 1'!$P$16 -> 0 | M16: =SUM(K16,L16) -> 0 | N16: =_xlfn.RANK.EQ(M16,$M$5:$M$104,) -> 1 | O16: ='[4]Term 1'!$N$16 -> 0 | P16: ='[4]Term 1'!$P$16 -> 0 | Q16: =SUM(O16,P16) -> 0 | R16: =_xlfn.RANK.EQ(Q16,$Q$5:$Q$104,) -> 1 | S16: ='[5]Term 1'!$N$16 -> 0 | T16: ='[5]Term 1'!$P$16 -> 0 | U16: =SUM(S16,T16) -> 0 | V16: =_xlfn.RANK.EQ(U16,$U$5:$U$104,) -> 1 | W16: ='[6]Term 1'!$N$16 -> 0 | X16: ='[6]Term 1'!$P$16 -> 0 | Y16: =SUM(W16,X16) -> 0 | Z16: =_xlfn.RANK.EQ(Y16,$Y$5:$Y$104,) -> 1 | AA16: ='[7]Term 1'!$N$16 -> 0 | AB16: ='[7]Term 1'!$P$16 -> 0 | AC16: =SUM(AA16,AB16) -> 0 | AD16: =_xlfn.RANK.EQ(AC16,$AC$5:$AC$104,) -> 1 | AE16: ='[8]Term 1'!$N$16 -> 0 | AF16: ='[8]Term 1'!$P$16 -> 0 | AG16: =SUM(AE16,AF16) -> 0 | AH16: =_xlfn.RANK.EQ(AG16,$AG$5:$AG$104,) -> 1 | AI16: ='[9]Term 1'!$N$16 -> 0 | AJ16: ='[9]Term 1'!$P$16 -> 0 | AK16: =SUM(AI16,AJ16) -> 0 | AL16: =_xlfn.RANK.EQ(AK16,$AK$5:$AK$104,) -> 1 | AM16: ='[10]Term 1'!$N$16 -> 0 | AN16: ='[10]Term 1'!$P$16 -> 0 | AO16: =SUM(AM16,AN16) -> 0 | AP16: =_xlfn.RANK.EQ(AO16,$AO$5:$AO$104,) -> 1 | AQ16: =SUM(E16,I16,M16,Q16,U16,Y16,AC16,AG16,AK16,AO16) -> 0 | AR16: =_xlfn.RANK.EQ(AQ16,$AQ$5:$AQ$104,) -> 4 | AS16: ±
A17: P013 | C17: ='[1]Term 1'!$N$17 -> 0 | D17: ='[1]Term 1'!$P17 -> 0 | E17: =SUM(C17,D17) -> 0 | F17: =_xlfn.RANK.EQ(E17,$E$5:$E$104,) -> 4 | G17: ='[2]Term 1'!$N$17 -> 0 | H17: ='[2]Term 1'!$P$17 -> 0 | I17: =SUM(G17,H17) -> 0 | J17: =_xlfn.RANK.EQ(I17,$I$5:$I$104,) -> 1 | K17: ='[3]Term 1'!$N$17 -> 0 | L17: ='[3]Term 1'!$P$17 -> 0 | M17: =SUM(K17,L17) -> 0 | N17: =_xlfn.RANK.EQ(M17,$M$5:$M$104,) -> 1 | O17: ='[4]Term 1'!$N$17 -> 0 | P17: ='[4]Term 1'!$P$17 -> 0 | Q17: =SUM(O17,P17) -> 0 | R17: =_xlfn.RANK.EQ(Q17,$Q$5:$Q$104,) -> 1 | S17: ='[5]Term 1'!$N$17 -> 0 | T17: ='[5]Term 1'!$P$17 -> 0 | U17: =SUM(S17,T17) -> 0 | V17: =_xlfn.RANK.EQ(U17,$U$5:$U$104,) -> 1 | W17: ='[6]Term 1'!$N$17 -> 0 | X17: ='[6]Term 1'!$P$17 -> 0 | Y17: =SUM(W17,X17) -> 0 | Z17: =_xlfn.RANK.EQ(Y17,$Y$5:$Y$104,) -> 1 | AA17: ='[7]Term 1'!$N$17 -> 0 | AB17: ='[7]Term 1'!$P$17 -> 0 | AC17: =SUM(AA17,AB17) -> 0 | AD17: =_xlfn.RANK.EQ(AC17,$AC$5:$AC$104,) -> 1 | AE17: ='[8]Term 1'!$N$17 -> 0 | AF17: ='[8]Term 1'!$P$17 -> 0 | AG17: =SUM(AE17,AF17) -> 0 | AH17: =_xlfn.RANK.EQ(AG17,$AG$5:$AG$104,) -> 1 | AI17: ='[9]Term 1'!$N$17 -> 0 | AJ17: ='[9]Term 1'!$P$17 -> 0 | AK17: =SUM(AI17,AJ17) -> 0 | AL17: =_xlfn.RANK.EQ(AK17,$AK$5:$AK$104,) -> 1 | AM17: ='[10]Term 1'!$N$17 -> 0 | AN17: ='[10]Term 1'!$P$17 -> 0 | AO17: =SUM(AM17,AN17) -> 0 | AP17: =_xlfn.RANK.EQ(AO17,$AO$5:$AO$104,) -> 1 | AQ17: =SUM(E17,I17,M17,Q17,U17,Y17,AC17,AG17,AK17,AO17) -> 0 | AR17: =_xlfn.RANK.EQ(AQ17,$AQ$5:$AQ$104,) -> 4 | AS17: ±
A18: P014 | C18: ='[1]Term 1'!$N$18 -> 0 | D18: ='[1]Term 1'!$P18 -> 0 | E18: =SUM(C18,D18) -> 0 | F18: =_xlfn.RANK.EQ(E18,$E$5:$E$104,) -> 4 | G18: ='[2]Term 1'!$N$18 -> 0 | H18: ='[2]Term 1'!$P$18 -> 0 | I18: =SUM(G18,H18) -> 0 | J18: =_xlfn.RANK.EQ(I18,$I$5:$I$104,) -> 1 | K18: ='[3]Term 1'!$N$18 -> 0 | L18: ='[3]Term 1'!$P$18 -> 0 | M18: =SUM(K18,L18) -> 0 | N18: =_xlfn.RANK.EQ(M18,$M$5:$M$104,) -> 1 | O18: ='[4]Term 1'!$N$18 -> 0 | P18: ='[4]Term 1'!$P$18 -> 0 | Q18: =SUM(O18,P18) -> 0 | R18: =_xlfn.RANK.EQ(Q18,$Q$5:$Q$104,) -> 1 | S18: ='[5]Term 1'!$N$18 -> 0 | T18: ='[5]Term 1'!$P$18 -> 0 | U18: =SUM(S18,T18) -> 0 | V18: =_xlfn.RANK.EQ(U18,$U$5:$U$104,) -> 1 | W18: ='[6]Term 1'!$N$18 -> 0 | X18: ='[6]Term 1'!$P$18 -> 0 | Y18: =SUM(W18,X18) -> 0 | Z18: =_xlfn.RANK.EQ(Y18,$Y$5:$Y$104,) -> 1 | AA18: ='[7]Term 1'!$N$18 -> 0 | AB18: ='[7]Term 1'!$P$18 -> 0 | AC18: =SUM(AA18,AB18) -> 0 | AD18: =_xlfn.RANK.EQ(AC18,$AC$5:$AC$104,) -> 1 | AE18: ='[8]Term 1'!$N$18 -> 0 | AF18: ='[8]Term 1'!$P$18 -> 0 | AG18: =SUM(AE18,AF18) -> 0 | AH18: =_xlfn.RANK.EQ(AG18,$AG$5:$AG$104,) -> 1 | AI18: ='[9]Term 1'!$N$18 -> 0 | AJ18: ='[9]Term 1'!$P$18 -> 0 | AK18: =SUM(AI18,AJ18) -> 0 | AL18: =_xlfn.RANK.EQ(AK18,$AK$5:$AK$104,) -> 1 | AM18: ='[10]Term 1'!$N$18 -> 0 | AN18: ='[10]Term 1'!$P$18 -> 0 | AO18: =SUM(AM18,AN18) -> 0 | AP18: =_xlfn.RANK.EQ(AO18,$AO$5:$AO$104,) -> 1 | AQ18: =SUM(E18,I18,M18,Q18,U18,Y18,AC18,AG18,AK18,AO18) -> 0 | AR18: =_xlfn.RANK.EQ(AQ18,$AQ$5:$AQ$104,) -> 4 | AS18: ±
A19: P015 | C19: ='[1]Term 1'!$N$19 -> 0 | D19: ='[1]Term 1'!$P19 -> 0 | E19: =SUM(C19,D19) -> 0 | F19: =_xlfn.RANK.EQ(E19,$E$5:$E$104,) -> 4 | G19: ='[2]Term 1'!$N$19 -> 0 | H19: ='[2]Term 1'!$P$19 -> 0 | I19: =SUM(G19,H19) -> 0 | J19: =_xlfn.RANK.EQ(I19,$I$5:$I$104,) -> 1 | K19: ='[3]Term 1'!$N$19 -> 0 | L19: ='[3]Term 1'!$P$19 -> 0 | M19: =SUM(K19,L19) -> 0 | N19: =_xlfn.RANK.EQ(M19,$M$5:$M$104,) -> 1 | O19: ='[4]Term 1'!$N$19 -> 0 | P19: ='[4]Term 1'!$P$19 -> 0 | Q19: =SUM(O19,P19) -> 0 | R19: =_xlfn.RANK.EQ(Q19,$Q$5:$Q$104,) -> 1 | S19: ='[5]Term 1'!$N$19 -> 0 | T19: ='[5]Term 1'!$P$19 -> 0 | U19: =SUM(S19,T19) -> 0 | V19: =_xlfn.RANK.EQ(U19,$U$5:$U$104,) -> 1 | W19: ='[6]Term 1'!$N$19 -> 0 | X19: ='[6]Term 1'!$P$19 -> 0 | Y19: =SUM(W19,X19) -> 0 | Z19: =_xlfn.RANK.EQ(Y19,$Y$5:$Y$104,) -> 1 | AA19: ='[7]Term 1'!$N$19 -> 0 | AB19: ='[7]Term 1'!$P$19 -> 0 | AC19: =SUM(AA19,AB19) -> 0 | AD19: =_xlfn.RANK.EQ(AC19,$AC$5:$AC$104,) -> 1 | AE19: ='[8]Term 1'!$N$19 -> 0 | AF19: ='[8]Term 1'!$P$19 -> 0 | AG19: =SUM(AE19,AF19) -> 0 | AH19: =_xlfn.RANK.EQ(AG19,$AG$5:$AG$104,) -> 1 | AI19: ='[9]Term 1'!$N$19 -> 0 | AJ19: ='[9]Term 1'!$P$19 -> 0 | AK19: =SUM(AI19,AJ19) -> 0 | AL19: =_xlfn.RANK.EQ(AK19,$AK$5:$AK$104,) -> 1 | AM19: ='[10]Term 1'!$N$19 -> 0 | AN19: ='[10]Term 1'!$P$19 -> 0 | AO19: =SUM(AM19,AN19) -> 0 | AP19: =_xlfn.RANK.EQ(AO19,$AO$5:$AO$104,) -> 1 | AQ19: =SUM(E19,I19,M19,Q19,U19,Y19,AC19,AG19,AK19,AO19) -> 0 | AR19: =_xlfn.RANK.EQ(AQ19,$AQ$5:$AQ$104,) -> 4 | AS19: ±
A20: P016 | C20: ='[1]Term 1'!$N$20 -> 0 | D20: ='[1]Term 1'!$P20 -> 0 | E20: =SUM(C20,D20) -> 0 | F20: =_xlfn.RANK.EQ(E20,$E$5:$E$104,) -> 4 | G20: ='[2]Term 1'!$N$20 -> 0 | H20: ='[2]Term 1'!$P$20 -> 0 | I20: =SUM(G20,H20) -> 0 | J20: =_xlfn.RANK.EQ(I20,$I$5:$I$104,) -> 1 | K20: ='[3]Term 1'!$N$20 -> 0 | L20: ='[3]Term 1'!$P$20 -> 0 | M20: =SUM(K20,L20) -> 0 | N20: =_xlfn.RANK.EQ(M20,$M$5:$M$104,) -> 1 | O20: ='[4]Term 1'!$N$20 -> 0 | P20: ='[4]Term 1'!$P$20 -> 0 | Q20: =SUM(O20,P20) -> 0 | R20: =_xlfn.RANK.EQ(Q20,$Q$5:$Q$104,) -> 1 | S20: ='[5]Term 1'!$N$20 -> 0 | T20: ='[5]Term 1'!$P$20 -> 0 | U20: =SUM(S20,T20) -> 0 | V20: =_xlfn.RANK.EQ(U20,$U$5:$U$104,) -> 1 | W20: ='[6]Term 1'!$N$20 -> 0 | X20: ='[6]Term 1'!$P$20 -> 0 | Y20: =SUM(W20,X20) -> 0 | Z20: =_xlfn.RANK.EQ(Y20,$Y$5:$Y$104,) -> 1 | AA20: ='[7]Term 1'!$N$20 -> 0 | AB20: ='[7]Term 1'!$P$20 -> 0 | AC20: =SUM(AA20,AB20) -> 0 | AD20: =_xlfn.RANK.EQ(AC20,$AC$5:$AC$104,) -> 1 | AE20: ='[8]Term 1'!$N$20 -> 0 | AF20: ='[8]Term 1'!$P$20 -> 0 | AG20: =SUM(AE20,AF20) -> 0 | AH20: =_xlfn.RANK.EQ(AG20,$AG$5:$AG$104,) -> 1 | AI20: ='[9]Term 1'!$N$20 -> 0 | AJ20: ='[9]Term 1'!$P$20 -> 0 | AK20: =SUM(AI20,AJ20) -> 0 | AL20: =_xlfn.RANK.EQ(AK20,$AK$5:$AK$104,) -> 1 | AM20: ='[10]Term 1'!$N$20 -> 0 | AN20: ='[10]Term 1'!$P$20 -> 0 | AO20: =SUM(AM20,AN20) -> 0 | AP20: =_xlfn.RANK.EQ(AO20,$AO$5:$AO$104,) -> 1 | AQ20: =SUM(E20,I20,M20,Q20,U20,Y20,AC20,AG20,AK20,AO20) -> 0 | AR20: =_xlfn.RANK.EQ(AQ20,$AQ$5:$AQ$104,) -> 4 | AS20: ±
A21: P017 | C21: ='[1]Term 1'!$N$21 -> 0 | D21: ='[1]Term 1'!$P21 -> 0 | E21: =SUM(C21,D21) -> 0 | F21: =_xlfn.RANK.EQ(E21,$E$5:$E$104,) -> 4 | G21: ='[2]Term 1'!$N$21 -> 0 | H21: ='[2]Term 1'!$P$21 -> 0 | I21: =SUM(G21,H21) -> 0 | J21: =_xlfn.RANK.EQ(I21,$I$5:$I$104,) -> 1 | K21: ='[3]Term 1'!$N$21 -> 0 | L21: ='[3]Term 1'!$P$21 -> 0 | M21: =SUM(K21,L21) -> 0 | N21: =_xlfn.RANK.EQ(M21,$M$5:$M$104,) -> 1 | O21: ='[4]Term 1'!$N$21 -> 0 | P21: ='[4]Term 1'!$P$21 -> 0 | Q21: =SUM(O21,P21) -> 0 | R21: =_xlfn.RANK.EQ(Q21,$Q$5:$Q$104,) -> 1 | S21: ='[5]Term 1'!$N$21 -> 0 | T21: ='[5]Term 1'!$P$21 -> 0 | U21: =SUM(S21,T21) -> 0 | V21: =_xlfn.RANK.EQ(U21,$U$5:$U$104,) -> 1 | W21: ='[6]Term 1'!$N$21 -> 0 | X21: ='[6]Term 1'!$P$21 -> 0 | Y21: =SUM(W21,X21) -> 0 | Z21: =_xlfn.RANK.EQ(Y21,$Y$5:$Y$104,) -> 1 | AA21: ='[7]Term 1'!$N$21 -> 0 | AB21: ='[7]Term 1'!$P$21 -> 0 | AC21: =SUM(AA21,AB21) -> 0 | AD21: =_xlfn.RANK.EQ(AC21,$AC$5:$AC$104,) -> 1 | AE21: ='[8]Term 1'!$N$21 -> 0 | AF21: ='[8]Term 1'!$P$21 -> 0 | AG21: =SUM(AE21,AF21) -> 0 | AH21: =_xlfn.RANK.EQ(AG21,$AG$5:$AG$104,) -> 1 | AI21: ='[9]Term 1'!$N$21 -> 0 | AJ21: ='[9]Term 1'!$P$21 -> 0 | AK21: =SUM(AI21,AJ21) -> 0 | AL21: =_xlfn.RANK.EQ(AK21,$AK$5:$AK$104,) -> 1 | AM21: ='[10]Term 1'!$N$21 -> 0 | AN21: ='[10]Term 1'!$P$21 -> 0 | AO21: =SUM(AM21,AN21) -> 0 | AP21: =_xlfn.RANK.EQ(AO21,$AO$5:$AO$104,) -> 1 | AQ21: =SUM(E21,I21,M21,Q21,U21,Y21,AC21,AG21,AK21,AO21) -> 0 | AR21: =_xlfn.RANK.EQ(AQ21,$AQ$5:$AQ$104,) -> 4 | AS21: ±
A22: P018 | C22: ='[1]Term 1'!$N$22 -> 0 | D22: ='[1]Term 1'!$P22 -> 0 | E22: =SUM(C22,D22) -> 0 | F22: =_xlfn.RANK.EQ(E22,$E$5:$E$104,) -> 4 | G22: ='[2]Term 1'!$N$22 -> 0 | H22: ='[2]Term 1'!$P$22 -> 0 | I22: =SUM(G22,H22) -> 0 | J22: =_xlfn.RANK.EQ(I22,$I$5:$I$104,) -> 1 | K22: ='[3]Term 1'!$N$22 -> 0 | L22: ='[3]Term 1'!$P$22 -> 0 | M22: =SUM(K22,L22) -> 0 | N22: =_xlfn.RANK.EQ(M22,$M$5:$M$104,) -> 1 | O22: ='[4]Term 1'!$N$22 -> 0 | P22: ='[4]Term 1'!$P$22 -> 0 | Q22: =SUM(O22,P22) -> 0 | R22: =_xlfn.RANK.EQ(Q22,$Q$5:$Q$104,) -> 1 | S22: ='[5]Term 1'!$N$22 -> 0 | T22: ='[5]Term 1'!$P$22 -> 0 | U22: =SUM(S22,T22) -> 0 | V22: =_xlfn.RANK.EQ(U22,$U$5:$U$104,) -> 1 | W22: ='[6]Term 1'!$N$22 -> 0 | X22: ='[6]Term 1'!$P$22 -> 0 | Y22: =SUM(W22,X22) -> 0 | Z22: =_xlfn.RANK.EQ(Y22,$Y$5:$Y$104,) -> 1 | AA22: ='[7]Term 1'!$N$22 -> 0 | AB22: ='[7]Term 1'!$P$22 -> 0 | AC22: =SUM(AA22,AB22) -> 0 | AD22: =_xlfn.RANK.EQ(AC22,$AC$5:$AC$104,) -> 1 | AE22: ='[8]Term 1'!$N$22 -> 0 | AF22: ='[8]Term 1'!$P$22 -> 0 | AG22: =SUM(AE22,AF22) -> 0 | AH22: =_xlfn.RANK.EQ(AG22,$AG$5:$AG$104,) -> 1 | AI22: ='[9]Term 1'!$N$22 -> 0 | AJ22: ='[9]Term 1'!$P$22 -> 0 | AK22: =SUM(AI22,AJ22) -> 0 | AL22: =_xlfn.RANK.EQ(AK22,$AK$5:$AK$104,) -> 1 | AM22: ='[10]Term 1'!$N$22 -> 0 | AN22: ='[10]Term 1'!$P$22 -> 0 | AO22: =SUM(AM22,AN22) -> 0 | AP22: =_xlfn.RANK.EQ(AO22,$AO$5:$AO$104,) -> 1 | AQ22: =SUM(E22,I22,M22,Q22,U22,Y22,AC22,AG22,AK22,AO22) -> 0 | AR22: =_xlfn.RANK.EQ(AQ22,$AQ$5:$AQ$104,) -> 4 | AS22: ±
A23: P019 | C23: ='[1]Term 1'!$N$23 -> 0 | D23: ='[1]Term 1'!$P23 -> 0 | E23: =SUM(C23,D23) -> 0 | F23: =_xlfn.RANK.EQ(E23,$E$5:$E$104,) -> 4 | G23: ='[2]Term 1'!$N$23 -> 0 | H23: ='[2]Term 1'!$P$23 -> 0 | I23: =SUM(G23,H23) -> 0 | J23: =_xlfn.RANK.EQ(I23,$I$5:$I$104,) -> 1 | K23: ='[3]Term 1'!$N$23 -> 0 | L23: ='[3]Term 1'!$P$23 -> 0 | M23: =SUM(K23,L23) -> 0 | N23: =_xlfn.RANK.EQ(M23,$M$5:$M$104,) -> 1 | O23: ='[4]Term 1'!$N$23 -> 0 | P23: ='[4]Term 1'!$P$23 -> 0 | Q23: =SUM(O23,P23) -> 0 | R23: =_xlfn.RANK.EQ(Q23,$Q$5:$Q$104,) -> 1 | S23: ='[5]Term 1'!$N$23 -> 0 | T23: ='[5]Term 1'!$P$23 -> 0 | U23: =SUM(S23,T23) -> 0 | V23: =_xlfn.RANK.EQ(U23,$U$5:$U$104,) -> 1 | W23: ='[6]Term 1'!$N$23 -> 0 | X23: ='[6]Term 1'!$P$23 -> 0 | Y23: =SUM(W23,X23) -> 0 | Z23: =_xlfn.RANK.EQ(Y23,$Y$5:$Y$104,) -> 1 | AA23: ='[7]Term 1'!$N$23 -> 0 | AB23: ='[7]Term 1'!$P$23 -> 0 | AC23: =SUM(AA23,AB23) -> 0 | AD23: =_xlfn.RANK.EQ(AC23,$AC$5:$AC$104,) -> 1 | AE23: ='[8]Term 1'!$N$23 -> 0 | AF23: ='[8]Term 1'!$P$23 -> 0 | AG23: =SUM(AE23,AF23) -> 0 | AH23: =_xlfn.RANK.EQ(AG23,$AG$5:$AG$104,) -> 1 | AI23: ='[9]Term 1'!$N$23 -> 0 | AJ23: ='[9]Term 1'!$P$23 -> 0 | AK23: =SUM(AI23,AJ23) -> 0 | AL23: =_xlfn.RANK.EQ(AK23,$AK$5:$AK$104,) -> 1 | AM23: ='[10]Term 1'!$N$23 -> 0 | AN23: ='[10]Term 1'!$P$23 -> 0 | AO23: =SUM(AM23,AN23) -> 0 | AP23: =_xlfn.RANK.EQ(AO23,$AO$5:$AO$104,) -> 1 | AQ23: =SUM(E23,I23,M23,Q23,U23,Y23,AC23,AG23,AK23,AO23) -> 0 | AR23: =_xlfn.RANK.EQ(AQ23,$AQ$5:$AQ$104,) -> 4 | AS23: ±
A24: P020 | C24: ='[1]Term 1'!$N$24 -> 0 | D24: ='[1]Term 1'!$P24 -> 0 | E24: =SUM(C24,D24) -> 0 | F24: =_xlfn.RANK.EQ(E24,$E$5:$E$104,) -> 4 | G24: ='[2]Term 1'!$N$24 -> 0 | H24: ='[2]Term 1'!$P$24 -> 0 | I24: =SUM(G24,H24) -> 0 | J24: =_xlfn.RANK.EQ(I24,$I$5:$I$104,) -> 1 | K24: ='[3]Term 1'!$N$24 -> 0 | L24: ='[3]Term 1'!$P$24 -> 0 | M24: =SUM(K24,L24) -> 0 | N24: =_xlfn.RANK.EQ(M24,$M$5:$M$104,) -> 1 | O24: ='[4]Term 1'!$N$24 -> 0 | P24: ='[4]Term 1'!$P$24 -> 0 | Q24: =SUM(O24,P24) -> 0 | R24: =_xlfn.RANK.EQ(Q24,$Q$5:$Q$104,) -> 1 | S24: ='[5]Term 1'!$N$24 -> 0 | T24: ='[5]Term 1'!$P$24 -> 0 | U24: =SUM(S24,T24) -> 0 | V24: =_xlfn.RANK.EQ(U24,$U$5:$U$104,) -> 1 | W24: ='[6]Term 1'!$N$24 -> 0 | X24: ='[6]Term 1'!$P$24 -> 0 | Y24: =SUM(W24,X24) -> 0 | Z24: =_xlfn.RANK.EQ(Y24,$Y$5:$Y$104,) -> 1 | AA24: ='[7]Term 1'!$N$24 -> 0 | AB24: ='[7]Term 1'!$P$24 -> 0 | AC24: =SUM(AA24,AB24) -> 0 | AD24: =_xlfn.RANK.EQ(AC24,$AC$5:$AC$104,) -> 1 | AE24: ='[8]Term 1'!$N$24 -> 0 | AF24: ='[8]Term 1'!$P$24 -> 0 | AG24: =SUM(AE24,AF24) -> 0 | AH24: =_xlfn.RANK.EQ(AG24,$AG$5:$AG$104,) -> 1 | AI24: ='[9]Term 1'!$N$24 -> 0 | AJ24: ='[9]Term 1'!$P$24 -> 0 | AK24: =SUM(AI24,AJ24) -> 0 | AL24: =_xlfn.RANK.EQ(AK24,$AK$5:$AK$104,) -> 1 | AM24: ='[10]Term 1'!$N$24 -> 0 | AN24: ='[10]Term 1'!$P$24 -> 0 | AO24: =SUM(AM24,AN24) -> 0 | AP24: =_xlfn.RANK.EQ(AO24,$AO$5:$AO$104,) -> 1 | AQ24: =SUM(E24,I24,M24,Q24,U24,Y24,AC24,AG24,AK24,AO24) -> 0 | AR24: =_xlfn.RANK.EQ(AQ24,$AQ$5:$AQ$104,) -> 4 | AS24: ±
A25: P021 | C25: ='[1]Term 1'!$N$25 -> 0 | D25: ='[1]Term 1'!$P25 -> 0 | E25: =SUM(C25,D25) -> 0 | F25: =_xlfn.RANK.EQ(E25,$E$5:$E$104,) -> 4 | G25: ='[2]Term 1'!$N$25 -> 0 | H25: ='[2]Term 1'!$P$25 -> 0 | I25: =SUM(G25,H25) -> 0 | J25: =_xlfn.RANK.EQ(I25,$I$5:$I$104,) -> 1 | K25: ='[3]Term 1'!$N$25 -> 0 | L25: ='[3]Term 1'!$P$25 -> 0 | M25: =SUM(K25,L25) -> 0 | N25: =_xlfn.RANK.EQ(M25,$M$5:$M$104,) -> 1 | O25: ='[4]Term 1'!$N$25 -> 0 | P25: ='[4]Term 1'!$P$25 -> 0 | Q25: =SUM(O25,P25) -> 0 | R25: =_xlfn.RANK.EQ(Q25,$Q$5:$Q$104,) -> 1 | S25: ='[5]Term 1'!$N$25 -> 0 | T25: ='[5]Term 1'!$P$25 -> 0 | U25: =SUM(S25,T25) -> 0 | V25: =_xlfn.RANK.EQ(U25,$U$5:$U$104,) -> 1 | W25: ='[6]Term 1'!$N$25 -> 0 | X25: ='[6]Term 1'!$P$25 -> 0 | Y25: =SUM(W25,X25) -> 0 | Z25: =_xlfn.RANK.EQ(Y25,$Y$5:$Y$104,) -> 1 | AA25: ='[7]Term 1'!$N$25 -> 0 | AB25: ='[7]Term 1'!$P$25 -> 0 | AC25: =SUM(AA25,AB25) -> 0 | AD25: =_xlfn.RANK.EQ(AC25,$AC$5:$AC$104,) -> 1 | AE25: ='[8]Term 1'!$N$25 -> 0 | AF25: ='[8]Term 1'!$P$25 -> 0 | AG25: =SUM(AE25,AF25) -> 0 | AH25: =_xlfn.RANK.EQ(AG25,$AG$5:$AG$104,) -> 1 | AI25: ='[9]Term 1'!$N$25 -> 0 | AJ25: ='[9]Term 1'!$P$25 -> 0 | AK25: =SUM(AI25,AJ25) -> 0 | AL25: =_xlfn.RANK.EQ(AK25,$AK$5:$AK$104,) -> 1 | AM25: ='[10]Term 1'!$N$25 -> 0 | AN25: ='[10]Term 1'!$P$25 -> 0 | AO25: =SUM(AM25,AN25) -> 0 | AP25: =_xlfn.RANK.EQ(AO25,$AO$5:$AO$104,) -> 1 | AQ25: =SUM(E25,I25,M25,Q25,U25,Y25,AC25,AG25,AK25,AO25) -> 0 | AR25: =_xlfn.RANK.EQ(AQ25,$AQ$5:$AQ$104,) -> 4 | AS25: ±
A26: P022 | C26: ='[1]Term 1'!$N$26 -> 0 | D26: ='[1]Term 1'!$P26 -> 0 | E26: =SUM(C26,D26) -> 0 | F26: =_xlfn.RANK.EQ(E26,$E$5:$E$104,) -> 4 | G26: ='[2]Term 1'!$N$26 -> 0 | H26: ='[2]Term 1'!$P$26 -> 0 | I26: =SUM(G26,H26) -> 0 | J26: =_xlfn.RANK.EQ(I26,$I$5:$I$104,) -> 1 | K26: ='[3]Term 1'!$N$26 -> 0 | L26: ='[3]Term 1'!$P$26 -> 0 | M26: =SUM(K26,L26) -> 0 | N26: =_xlfn.RANK.EQ(M26,$M$5:$M$104,) -> 1 | O26: ='[4]Term 1'!$N$26 -> 0 | P26: ='[4]Term 1'!$P$26 -> 0 | Q26: =SUM(O26,P26) -> 0 | R26: =_xlfn.RANK.EQ(Q26,$Q$5:$Q$104,) -> 1 | S26: ='[5]Term 1'!$N$26 -> 0 | T26: ='[5]Term 1'!$P$26 -> 0 | U26: =SUM(S26,T26) -> 0 | V26: =_xlfn.RANK.EQ(U26,$U$5:$U$104,) -> 1 | W26: ='[6]Term 1'!$N$26 -> 0 | X26: ='[6]Term 1'!$P$26 -> 0 | Y26: =SUM(W26,X26) -> 0 | Z26: =_xlfn.RANK.EQ(Y26,$Y$5:$Y$104,) -> 1 | AA26: ='[7]Term 1'!$N$26 -> 0 | AB26: ='[7]Term 1'!$P$26 -> 0 | AC26: =SUM(AA26,AB26) -> 0 | AD26: =_xlfn.RANK.EQ(AC26,$AC$5:$AC$104,) -> 1 | AE26: ='[8]Term 1'!$N$26 -> 0 | AF26: ='[8]Term 1'!$P$26 -> 0 | AG26: =SUM(AE26,AF26) -> 0 | AH26: =_xlfn.RANK.EQ(AG26,$AG$5:$AG$104,) -> 1 | AI26: ='[9]Term 1'!$N$26 -> 0 | AJ26: ='[9]Term 1'!$P$26 -> 0 | AK26: =SUM(AI26,AJ26) -> 0 | AL26: =_xlfn.RANK.EQ(AK26,$AK$5:$AK$104,) -> 1 | AM26: ='[10]Term 1'!$N$26 -> 0 | AN26: ='[10]Term 1'!$P$26 -> 0 | AO26: =SUM(AM26,AN26) -> 0 | AP26: =_xlfn.RANK.EQ(AO26,$AO$5:$AO$104,) -> 1 | AQ26: =SUM(E26,I26,M26,Q26,U26,Y26,AC26,AG26,AK26,AO26) -> 0 | AR26: =_xlfn.RANK.EQ(AQ26,$AQ$5:$AQ$104,) -> 4 | AS26: ±
A27: P023 | C27: ='[1]Term 1'!$N$27 -> 0 | D27: ='[1]Term 1'!$P27 -> 0 | E27: =SUM(C27,D27) -> 0 | F27: =_xlfn.RANK.EQ(E27,$E$5:$E$104,) -> 4 | G27: ='[2]Term 1'!$N$27 -> 0 | H27: ='[2]Term 1'!$P$27 -> 0 | I27: =SUM(G27,H27) -> 0 | J27: =_xlfn.RANK.EQ(I27,$I$5:$I$104,) -> 1 | K27: ='[3]Term 1'!$N$27 -> 0 | L27: ='[3]Term 1'!$P$27 -> 0 | M27: =SUM(K27,L27) -> 0 | N27: =_xlfn.RANK.EQ(M27,$M$5:$M$104,) -> 1 | O27: ='[4]Term 1'!$N$27 -> 0 | P27: ='[4]Term 1'!$P$27 -> 0 | Q27: =SUM(O27,P27) -> 0 | R27: =_xlfn.RANK.EQ(Q27,$Q$5:$Q$104,) -> 1 | S27: ='[5]Term 1'!$N$27 -> 0 | T27: ='[5]Term 1'!$P$27 -> 0 | U27: =SUM(S27,T27) -> 0 | V27: =_xlfn.RANK.EQ(U27,$U$5:$U$104,) -> 1 | W27: ='[6]Term 1'!$N$27 -> 0 | X27: ='[6]Term 1'!$P$27 -> 0 | Y27: =SUM(W27,X27) -> 0 | Z27: =_xlfn.RANK.EQ(Y27,$Y$5:$Y$104,) -> 1 | AA27: ='[7]Term 1'!$N$27 -> 0 | AB27: ='[7]Term 1'!$P$27 -> 0 | AC27: =SUM(AA27,AB27) -> 0 | AD27: =_xlfn.RANK.EQ(AC27,$AC$5:$AC$104,) -> 1 | AE27: ='[8]Term 1'!$N$27 -> 0 | AF27: ='[8]Term 1'!$P$27 -> 0 | AG27: =SUM(AE27,AF27) -> 0 | AH27: =_xlfn.RANK.EQ(AG27,$AG$5:$AG$104,) -> 1 | AI27: ='[9]Term 1'!$N$27 -> 0 | AJ27: ='[9]Term 1'!$P$27 -> 0 | AK27: =SUM(AI27,AJ27) -> 0 | AL27: =_xlfn.RANK.EQ(AK27,$AK$5:$AK$104,) -> 1 | AM27: ='[10]Term 1'!$N$27 -> 0 | AN27: ='[10]Term 1'!$P$27 -> 0 | AO27: =SUM(AM27,AN27) -> 0 | AP27: =_xlfn.RANK.EQ(AO27,$AO$5:$AO$104,) -> 1 | AQ27: =SUM(E27,I27,M27,Q27,U27,Y27,AC27,AG27,AK27,AO27) -> 0 | AR27: =_xlfn.RANK.EQ(AQ27,$AQ$5:$AQ$104,) -> 4 | AS27: ±
A28: P024 | C28: ='[1]Term 1'!$N$28 -> 0 | D28: ='[1]Term 1'!$P28 -> 0 | E28: =SUM(C28,D28) -> 0 | F28: =_xlfn.RANK.EQ(E28,$E$5:$E$104,) -> 4 | G28: ='[2]Term 1'!$N$28 -> 0 | H28: ='[2]Term 1'!$P$28 -> 0 | I28: =SUM(G28,H28) -> 0 | J28: =_xlfn.RANK.EQ(I28,$I$5:$I$104,) -> 1 | K28: ='[3]Term 1'!$N$28 -> 0 | L28: ='[3]Term 1'!$P$28 -> 0 | M28: =SUM(K28,L28) -> 0 | N28: =_xlfn.RANK.EQ(M28,$M$5:$M$104,) -> 1 | O28: ='[4]Term 1'!$N$28 -> 0 | P28: ='[4]Term 1'!$P$28 -> 0 | Q28: =SUM(O28,P28) -> 0 | R28: =_xlfn.RANK.EQ(Q28,$Q$5:$Q$104,) -> 1 | S28: ='[5]Term 1'!$N$28 -> 0 | T28: ='[5]Term 1'!$P$28 -> 0 | U28: =SUM(S28,T28) -> 0 | V28: =_xlfn.RANK.EQ(U28,$U$5:$U$104,) -> 1 | W28: ='[6]Term 1'!$N$28 -> 0 | X28: ='[6]Term 1'!$P$28 -> 0 | Y28: =SUM(W28,X28) -> 0 | Z28: =_xlfn.RANK.EQ(Y28,$Y$5:$Y$104,) -> 1 | AA28: ='[7]Term 1'!$N$28 -> 0 | AB28: ='[7]Term 1'!$P$28 -> 0 | AC28: =SUM(AA28,AB28) -> 0 | AD28: =_xlfn.RANK.EQ(AC28,$AC$5:$AC$104,) -> 1 | AE28: ='[8]Term 1'!$N$28 -> 0 | AF28: ='[8]Term 1'!$P$28 -> 0 | AG28: =SUM(AE28,AF28) -> 0 | AH28: =_xlfn.RANK.EQ(AG28,$AG$5:$AG$104,) -> 1 | AI28: ='[9]Term 1'!$N$28 -> 0 | AJ28: ='[9]Term 1'!$P$28 -> 0 | AK28: =SUM(AI28,AJ28) -> 0 | AL28: =_xlfn.RANK.EQ(AK28,$AK$5:$AK$104,) -> 1 | AM28: ='[10]Term 1'!$N$28 -> 0 | AN28: ='[10]Term 1'!$P$28 -> 0 | AO28: =SUM(AM28,AN28) -> 0 | AP28: =_xlfn.RANK.EQ(AO28,$AO$5:$AO$104,) -> 1 | AQ28: =SUM(E28,I28,M28,Q28,U28,Y28,AC28,AG28,AK28,AO28) -> 0 | AR28: =_xlfn.RANK.EQ(AQ28,$AQ$5:$AQ$104,) -> 4 | AS28: ±
A29: P025 | C29: ='[1]Term 1'!$N$29 -> 0 | D29: ='[1]Term 1'!$P29 -> 0 | E29: =SUM(C29,D29) -> 0 | F29: =_xlfn.RANK.EQ(E29,$E$5:$E$104,) -> 4 | G29: ='[2]Term 1'!$N$29 -> 0 | H29: ='[2]Term 1'!$P$29 -> 0 | I29: =SUM(G29,H29) -> 0 | J29: =_xlfn.RANK.EQ(I29,$I$5:$I$104,) -> 1 | K29: ='[3]Term 1'!$N$29 -> 0 | L29: ='[3]Term 1'!$P$29 -> 0 | M29: =SUM(K29,L29) -> 0 | N29: =_xlfn.RANK.EQ(M29,$M$5:$M$104,) -> 1 | O29: ='[4]Term 1'!$N$29 -> 0 | P29: ='[4]Term 1'!$P$29 -> 0 | Q29: =SUM(O29,P29) -> 0 | R29: =_xlfn.RANK.EQ(Q29,$Q$5:$Q$104,) -> 1 | S29: ='[5]Term 1'!$N$29 -> 0 | T29: ='[5]Term 1'!$P$29 -> 0 | U29: =SUM(S29,T29) -> 0 | V29: =_xlfn.RANK.EQ(U29,$U$5:$U$104,) -> 1 | W29: ='[6]Term 1'!$N$29 -> 0 | X29: ='[6]Term 1'!$P$29 -> 0 | Y29: =SUM(W29,X29) -> 0 | Z29: =_xlfn.RANK.EQ(Y29,$Y$5:$Y$104,) -> 1 | AA29: ='[7]Term 1'!$N$29 -> 0 | AB29: ='[7]Term 1'!$P$29 -> 0 | AC29: =SUM(AA29,AB29) -> 0 | AD29: =_xlfn.RANK.EQ(AC29,$AC$5:$AC$104,) -> 1 | AE29: ='[8]Term 1'!$N$29 -> 0 | AF29: ='[8]Term 1'!$P$29 -> 0 | AG29: =SUM(AE29,AF29) -> 0 | AH29: =_xlfn.RANK.EQ(AG29,$AG$5:$AG$104,) -> 1 | AI29: ='[9]Term 1'!$N$29 -> 0 | AJ29: ='[9]Term 1'!$P$29 -> 0 | AK29: =SUM(AI29,AJ29) -> 0 | AL29: =_xlfn.RANK.EQ(AK29,$AK$5:$AK$104,) -> 1 | AM29: ='[10]Term 1'!$N$29 -> 0 | AN29: ='[10]Term 1'!$P$29 -> 0 | AO29: =SUM(AM29,AN29) -> 0 | AP29: =_xlfn.RANK.EQ(AO29,$AO$5:$AO$104,) -> 1 | AQ29: =SUM(E29,I29,M29,Q29,U29,Y29,AC29,AG29,AK29,AO29) -> 0 | AR29: =_xlfn.RANK.EQ(AQ29,$AQ$5:$AQ$104,) -> 4 | AS29: ±
A30: P026 | C30: ='[1]Term 1'!$N$30 -> 0 | D30: ='[1]Term 1'!$P30 -> 0 | E30: =SUM(C30,D30) -> 0 | F30: =_xlfn.RANK.EQ(E30,$E$5:$E$104,) -> 4 | G30: ='[2]Term 1'!$N$30 -> 0 | H30: ='[2]Term 1'!$P$30 -> 0 | I30: =SUM(G30,H30) -> 0 | J30: =_xlfn.RANK.EQ(I30,$I$5:$I$104,) -> 1 | K30: ='[3]Term 1'!$N$30 -> 0 | L30: ='[3]Term 1'!$P$30 -> 0 | M30: =SUM(K30,L30) -> 0 | N30: =_xlfn.RANK.EQ(M30,$M$5:$M$104,) -> 1 | O30: ='[4]Term 1'!$N$30 -> 0 | P30: ='[4]Term 1'!$P$30 -> 0 | Q30: =SUM(O30,P30) -> 0 | R30: =_xlfn.RANK.EQ(Q30,$Q$5:$Q$104,) -> 1 | S30: ='[5]Term 1'!$N$30 -> 0 | T30: ='[5]Term 1'!$P$30 -> 0 | U30: =SUM(S30,T30) -> 0 | V30: =_xlfn.RANK.EQ(U30,$U$5:$U$104,) -> 1 | W30: ='[6]Term 1'!$N$30 -> 0 | X30: ='[6]Term 1'!$P$30 -> 0 | Y30: =SUM(W30,X30) -> 0 | Z30: =_xlfn.RANK.EQ(Y30,$Y$5:$Y$104,) -> 1 | AA30: ='[7]Term 1'!$N$30 -> 0 | AB30: ='[7]Term 1'!$P$30 -> 0 | AC30: =SUM(AA30,AB30) -> 0 | AD30: =_xlfn.RANK.EQ(AC30,$AC$5:$AC$104,) -> 1 | AE30: ='[8]Term 1'!$N$30 -> 0 | AF30: ='[8]Term 1'!$P$30 -> 0 | AG30: =SUM(AE30,AF30) -> 0 | AH30: =_xlfn.RANK.EQ(AG30,$AG$5:$AG$104,) -> 1 | AI30: ='[9]Term 1'!$N$30 -> 0 | AJ30: ='[9]Term 1'!$P$30 -> 0 | AK30: =SUM(AI30,AJ30) -> 0 | AL30: =_xlfn.RANK.EQ(AK30,$AK$5:$AK$104,) -> 1 | AM30: ='[10]Term 1'!$N$30 -> 0 | AN30: ='[10]Term 1'!$P$30 -> 0 | AO30: =SUM(AM30,AN30) -> 0 | AP30: =_xlfn.RANK.EQ(AO30,$AO$5:$AO$104,) -> 1 | AQ30: =SUM(E30,I30,M30,Q30,U30,Y30,AC30,AG30,AK30,AO30) -> 0 | AR30: =_xlfn.RANK.EQ(AQ30,$AQ$5:$AQ$104,) -> 4 | AS30: ±
A31: P027 | C31: ='[1]Term 1'!$N$31 -> 0 | D31: ='[1]Term 1'!$P31 -> 0 | E31: =SUM(C31,D31) -> 0 | F31: =_xlfn.RANK.EQ(E31,$E$5:$E$104,) -> 4 | G31: ='[2]Term 1'!$N$31 -> 0 | H31: ='[2]Term 1'!$P$31 -> 0 | I31: =SUM(G31,H31) -> 0 | J31: =_xlfn.RANK.EQ(I31,$I$5:$I$104,) -> 1 | K31: ='[3]Term 1'!$N$31 -> 0 | L31: ='[3]Term 1'!$P$31 -> 0 | M31: =SUM(K31,L31) -> 0 | N31: =_xlfn.RANK.EQ(M31,$M$5:$M$104,) -> 1 | O31: ='[4]Term 1'!$N$31 -> 0 | P31: ='[4]Term 1'!$P$31 -> 0 | Q31: =SUM(O31,P31) -> 0 | R31: =_xlfn.RANK.EQ(Q31,$Q$5:$Q$104,) -> 1 | S31: ='[5]Term 1'!$N$31 -> 0 | T31: ='[5]Term 1'!$P$31 -> 0 | U31: =SUM(S31,T31) -> 0 | V31: =_xlfn.RANK.EQ(U31,$U$5:$U$104,) -> 1 | W31: ='[6]Term 1'!$N$31 -> 0 | X31: ='[6]Term 1'!$P$31 -> 0 | Y31: =SUM(W31,X31) -> 0 | Z31: =_xlfn.RANK.EQ(Y31,$Y$5:$Y$104,) -> 1 | AA31: ='[7]Term 1'!$N$31 -> 0 | AB31: ='[7]Term 1'!$P$31 -> 0 | AC31: =SUM(AA31,AB31) -> 0 | AD31: =_xlfn.RANK.EQ(AC31,$AC$5:$AC$104,) -> 1 | AE31: ='[8]Term 1'!$N$31 -> 0 | AF31: ='[8]Term 1'!$P$31 -> 0 | AG31: =SUM(AE31,AF31) -> 0 | AH31: =_xlfn.RANK.EQ(AG31,$AG$5:$AG$104,) -> 1 | AI31: ='[9]Term 1'!$N$31 -> 0 | AJ31: ='[9]Term 1'!$P$31 -> 0 | AK31: =SUM(AI31,AJ31) -> 0 | AL31: =_xlfn.RANK.EQ(AK31,$AK$5:$AK$104,) -> 1 | AM31: ='[10]Term 1'!$N$31 -> 0 | AN31: ='[10]Term 1'!$P$31 -> 0 | AO31: =SUM(AM31,AN31) -> 0 | AP31: =_xlfn.RANK.EQ(AO31,$AO$5:$AO$104,) -> 1 | AQ31: =SUM(E31,I31,M31,Q31,U31,Y31,AC31,AG31,AK31,AO31) -> 0 | AR31: =_xlfn.RANK.EQ(AQ31,$AQ$5:$AQ$104,) -> 4 | AS31: ±
A32: P028 | C32: ='[1]Term 1'!$N$32 -> 0 | D32: ='[1]Term 1'!$P32 -> 0 | E32: =SUM(C32,D32) -> 0 | F32: =_xlfn.RANK.EQ(E32,$E$5:$E$104,) -> 4 | G32: ='[2]Term 1'!$N$32 -> 0 | H32: ='[2]Term 1'!$P$32 -> 0 | I32: =SUM(G32,H32) -> 0 | J32: =_xlfn.RANK.EQ(I32,$I$5:$I$104,) -> 1 | K32: ='[3]Term 1'!$N$32 -> 0 | L32: ='[3]Term 1'!$P$32 -> 0 | M32: =SUM(K32,L32) -> 0 | N32: =_xlfn.RANK.EQ(M32,$M$5:$M$104,) -> 1 | O32: ='[4]Term 1'!$N$32 -> 0 | P32: ='[4]Term 1'!$P$32 -> 0 | Q32: =SUM(O32,P32) -> 0 | R32: =_xlfn.RANK.EQ(Q32,$Q$5:$Q$104,) -> 1 | S32: ='[5]Term 1'!$N$32 -> 0 | T32: ='[5]Term 1'!$P$32 -> 0 | U32: =SUM(S32,T32) -> 0 | V32: =_xlfn.RANK.EQ(U32,$U$5:$U$104,) -> 1 | W32: ='[6]Term 1'!$N$32 -> 0 | X32: ='[6]Term 1'!$P$32 -> 0 | Y32: =SUM(W32,X32) -> 0 | Z32: =_xlfn.RANK.EQ(Y32,$Y$5:$Y$104,) -> 1 | AA32: ='[7]Term 1'!$N$32 -> 0 | AB32: ='[7]Term 1'!$P$32 -> 0 | AC32: =SUM(AA32,AB32) -> 0 | AD32: =_xlfn.RANK.EQ(AC32,$AC$5:$AC$104,) -> 1 | AE32: ='[8]Term 1'!$N$32 -> 0 | AF32: ='[8]Term 1'!$P$32 -> 0 | AG32: =SUM(AE32,AF32) -> 0 | AH32: =_xlfn.RANK.EQ(AG32,$AG$5:$AG$104,) -> 1 | AI32: ='[9]Term 1'!$N$32 -> 0 | AJ32: ='[9]Term 1'!$P$32 -> 0 | AK32: =SUM(AI32,AJ32) -> 0 | AL32: =_xlfn.RANK.EQ(AK32,$AK$5:$AK$104,) -> 1 | AM32: ='[10]Term 1'!$N$32 -> 0 | AN32: ='[10]Term 1'!$P$32 -> 0 | AO32: =SUM(AM32,AN32) -> 0 | AP32: =_xlfn.RANK.EQ(AO32,$AO$5:$AO$104,) -> 1 | AQ32: =SUM(E32,I32,M32,Q32,U32,Y32,AC32,AG32,AK32,AO32) -> 0 | AR32: =_xlfn.RANK.EQ(AQ32,$AQ$5:$AQ$104,) -> 4 | AS32: ±
A33: P029 | C33: ='[1]Term 1'!$N$33 -> 0 | D33: ='[1]Term 1'!$P33 -> 0 | E33: =SUM(C33,D33) -> 0 | F33: =_xlfn.RANK.EQ(E33,$E$5:$E$104,) -> 4 | G33: ='[2]Term 1'!$N$33 -> 0 | H33: ='[2]Term 1'!$P$33 -> 0 | I33: =SUM(G33,H33) -> 0 | J33: =_xlfn.RANK.EQ(I33,$I$5:$I$104,) -> 1 | K33: ='[3]Term 1'!$N$33 -> 0 | L33: ='[3]Term 1'!$P$33 -> 0 | M33: =SUM(K33,L33) -> 0 | N33: =_xlfn.RANK.EQ(M33,$M$5:$M$104,) -> 1 | O33: ='[4]Term 1'!$N$33 -> 0 | P33: ='[4]Term 1'!$P$33 -> 0 | Q33: =SUM(O33,P33) -> 0 | R33: =_xlfn.RANK.EQ(Q33,$Q$5:$Q$104,) -> 1 | S33: ='[5]Term 1'!$N$33 -> 0 | T33: ='[5]Term 1'!$P$33 -> 0 | U33: =SUM(S33,T33) -> 0 | V33: =_xlfn.RANK.EQ(U33,$U$5:$U$104,) -> 1 | W33: ='[6]Term 1'!$N$33 -> 0 | X33: ='[6]Term 1'!$P$33 -> 0 | Y33: =SUM(W33,X33) -> 0 | Z33: =_xlfn.RANK.EQ(Y33,$Y$5:$Y$104,) -> 1 | AA33: ='[7]Term 1'!$N$33 -> 0 | AB33: ='[7]Term 1'!$P$33 -> 0 | AC33: =SUM(AA33,AB33) -> 0 | AD33: =_xlfn.RANK.EQ(AC33,$AC$5:$AC$104,) -> 1 | AE33: ='[8]Term 1'!$N$33 -> 0 | AF33: ='[8]Term 1'!$P$33 -> 0 | AG33: =SUM(AE33,AF33) -> 0 | AH33: =_xlfn.RANK.EQ(AG33,$AG$5:$AG$104,) -> 1 | AI33: ='[9]Term 1'!$N$33 -> 0 | AJ33: ='[9]Term 1'!$P$33 -> 0 | AK33: =SUM(AI33,AJ33) -> 0 | AL33: =_xlfn.RANK.EQ(AK33,$AK$5:$AK$104,) -> 1 | AM33: ='[10]Term 1'!$N$33 -> 0 | AN33: ='[10]Term 1'!$P$33 -> 0 | AO33: =SUM(AM33,AN33) -> 0 | AP33: =_xlfn.RANK.EQ(AO33,$AO$5:$AO$104,) -> 1 | AQ33: =SUM(E33,I33,M33,Q33,U33,Y33,AC33,AG33,AK33,AO33) -> 0 | AR33: =_xlfn.RANK.EQ(AQ33,$AQ$5:$AQ$104,) -> 4 | AS33: ±
A34: P030 | C34: ='[1]Term 1'!$N$34 -> 0 | D34: ='[1]Term 1'!$P34 -> 0 | E34: =SUM(C34,D34) -> 0 | F34: =_xlfn.RANK.EQ(E34,$E$5:$E$104,) -> 4 | G34: ='[2]Term 1'!$N$34 -> 0 | H34: ='[2]Term 1'!$P$34 -> 0 | I34: =SUM(G34,H34) -> 0 | J34: =_xlfn.RANK.EQ(I34,$I$5:$I$104,) -> 1 | K34: ='[3]Term 1'!$N$34 -> 0 | L34: ='[3]Term 1'!$P$34 -> 0 | M34: =SUM(K34,L34) -> 0 | N34: =_xlfn.RANK.EQ(M34,$M$5:$M$104,) -> 1 | O34: ='[4]Term 1'!$N$34 -> 0 | P34: ='[4]Term 1'!$P$34 -> 0 | Q34: =SUM(O34,P34) -> 0 | R34: =_xlfn.RANK.EQ(Q34,$Q$5:$Q$104,) -> 1 | S34: ='[5]Term 1'!$N$34 -> 0 | T34: ='[5]Term 1'!$P$34 -> 0 | U34: =SUM(S34,T34) -> 0 | V34: =_xlfn.RANK.EQ(U34,$U$5:$U$104,) -> 1 | W34: ='[6]Term 1'!$N$34 -> 0 | X34: ='[6]Term 1'!$P$34 -> 0 | Y34: =SUM(W34,X34) -> 0 | Z34: =_xlfn.RANK.EQ(Y34,$Y$5:$Y$104,) -> 1 | AA34: ='[7]Term 1'!$N$34 -> 0 | AB34: ='[7]Term 1'!$P$34 -> 0 | AC34: =SUM(AA34,AB34) -> 0 | AD34: =_xlfn.RANK.EQ(AC34,$AC$5:$AC$104,) -> 1 | AE34: ='[8]Term 1'!$N$34 -> 0 | AF34: ='[8]Term 1'!$P$34 -> 0 | AG34: =SUM(AE34,AF34) -> 0 | AH34: =_xlfn.RANK.EQ(AG34,$AG$5:$AG$104,) -> 1 | AI34: ='[9]Term 1'!$N$34 -> 0 | AJ34: ='[9]Term 1'!$P$34 -> 0 | AK34: =SUM(AI34,AJ34) -> 0 | AL34: =_xlfn.RANK.EQ(AK34,$AK$5:$AK$104,) -> 1 | AM34: ='[10]Term 1'!$N$34 -> 0 | AN34: ='[10]Term 1'!$P$34 -> 0 | AO34: =SUM(AM34,AN34) -> 0 | AP34: =_xlfn.RANK.EQ(AO34,$AO$5:$AO$104,) -> 1 | AQ34: =SUM(E34,I34,M34,Q34,U34,Y34,AC34,AG34,AK34,AO34) -> 0 | AR34: =_xlfn.RANK.EQ(AQ34,$AQ$5:$AQ$104,) -> 4 | AS34: ±
A35: P031 | C35: ='[1]Term 1'!$N$35 -> 0 | D35: ='[1]Term 1'!$P35 -> 0 | E35: =SUM(C35,D35) -> 0 | F35: =_xlfn.RANK.EQ(E35,$E$5:$E$104,) -> 4 | G35: ='[2]Term 1'!$N$35 -> 0 | H35: ='[2]Term 1'!$P$35 -> 0 | I35: =SUM(G35,H35) -> 0 | J35: =_xlfn.RANK.EQ(I35,$I$5:$I$104,) -> 1 | K35: ='[3]Term 1'!$N$35 -> 0 | L35: ='[3]Term 1'!$P$35 -> 0 | M35: =SUM(K35,L35) -> 0 | N35: =_xlfn.RANK.EQ(M35,$M$5:$M$104,) -> 1 | O35: ='[4]Term 1'!$N$35 -> 0 | P35: ='[4]Term 1'!$P$35 -> 0 | Q35: =SUM(O35,P35) -> 0 | R35: =_xlfn.RANK.EQ(Q35,$Q$5:$Q$104,) -> 1 | S35: ='[5]Term 1'!$N$35 -> 0 | T35: ='[5]Term 1'!$P$35 -> 0 | U35: =SUM(S35,T35) -> 0 | V35: =_xlfn.RANK.EQ(U35,$U$5:$U$104,) -> 1 | W35: ='[6]Term 1'!$N$35 -> 0 | X35: ='[6]Term 1'!$P$35 -> 0 | Y35: =SUM(W35,X35) -> 0 | Z35: =_xlfn.RANK.EQ(Y35,$Y$5:$Y$104,) -> 1 | AA35: ='[7]Term 1'!$N$35 -> 0 | AB35: ='[7]Term 1'!$P$35 -> 0 | AC35: =SUM(AA35,AB35) -> 0 | AD35: =_xlfn.RANK.EQ(AC35,$AC$5:$AC$104,) -> 1 | AE35: ='[8]Term 1'!$N$35 -> 0 | AF35: ='[8]Term 1'!$P$35 -> 0 | AG35: =SUM(AE35,AF35) -> 0 | AH35: =_xlfn.RANK.EQ(AG35,$AG$5:$AG$104,) -> 1 | AI35: ='[9]Term 1'!$N$35 -> 0 | AJ35: ='[9]Term 1'!$P$35 -> 0 | AK35: =SUM(AI35,AJ35) -> 0 | AL35: =_xlfn.RANK.EQ(AK35,$AK$5:$AK$104,) -> 1 | AM35: ='[10]Term 1'!$N$35 -> 0 | AN35: ='[10]Term 1'!$P$35 -> 0 | AO35: =SUM(AM35,AN35) -> 0 | AP35: =_xlfn.RANK.EQ(AO35,$AO$5:$AO$104,) -> 1 | AQ35: =SUM(E35,I35,M35,Q35,U35,Y35,AC35,AG35,AK35,AO35) -> 0 | AR35: =_xlfn.RANK.EQ(AQ35,$AQ$5:$AQ$104,) -> 4 | AS35: ±
A36: P032 | C36: ='[1]Term 1'!$N$36 -> 0 | D36: ='[1]Term 1'!$P36 -> 0 | E36: =SUM(C36,D36) -> 0 | F36: =_xlfn.RANK.EQ(E36,$E$5:$E$104,) -> 4 | G36: ='[2]Term 1'!$N$36 -> 0 | H36: ='[2]Term 1'!$P$36 -> 0 | I36: =SUM(G36,H36) -> 0 | J36: =_xlfn.RANK.EQ(I36,$I$5:$I$104,) -> 1 | K36: ='[3]Term 1'!$N$36 -> 0 | L36: ='[3]Term 1'!$P$36 -> 0 | M36: =SUM(K36,L36) -> 0 | N36: =_xlfn.RANK.EQ(M36,$M$5:$M$104,) -> 1 | O36: ='[4]Term 1'!$N$36 -> 0 | P36: ='[4]Term 1'!$P$36 -> 0 | Q36: =SUM(O36,P36) -> 0 | R36: =_xlfn.RANK.EQ(Q36,$Q$5:$Q$104,) -> 1 | S36: ='[5]Term 1'!$N$36 -> 0 | T36: ='[5]Term 1'!$P$36 -> 0 | U36: =SUM(S36,T36) -> 0 | V36: =_xlfn.RANK.EQ(U36,$U$5:$U$104,) -> 1 | W36: ='[6]Term 1'!$N$36 -> 0 | X36: ='[6]Term 1'!$P$36 -> 0 | Y36: =SUM(W36,X36) -> 0 | Z36: =_xlfn.RANK.EQ(Y36,$Y$5:$Y$104,) -> 1 | AA36: ='[7]Term 1'!$N$36 -> 0 | AB36: ='[7]Term 1'!$P$36 -> 0 | AC36: =SUM(AA36,AB36) -> 0 | AD36: =_xlfn.RANK.EQ(AC36,$AC$5:$AC$104,) -> 1 | AE36: ='[8]Term 1'!$N$36 -> 0 | AF36: ='[8]Term 1'!$P$36 -> 0 | AG36: =SUM(AE36,AF36) -> 0 | AH36: =_xlfn.RANK.EQ(AG36,$AG$5:$AG$104,) -> 1 | AI36: ='[9]Term 1'!$N$36 -> 0 | AJ36: ='[9]Term 1'!$P$36 -> 0 | AK36: =SUM(AI36,AJ36) -> 0 | AL36: =_xlfn.RANK.EQ(AK36,$AK$5:$AK$104,) -> 1 | AM36: ='[10]Term 1'!$N$36 -> 0 | AN36: ='[10]Term 1'!$P$36 -> 0 | AO36: =SUM(AM36,AN36) -> 0 | AP36: =_xlfn.RANK.EQ(AO36,$AO$5:$AO$104,) -> 1 | AQ36: =SUM(E36,I36,M36,Q36,U36,Y36,AC36,AG36,AK36,AO36) -> 0 | AR36: =_xlfn.RANK.EQ(AQ36,$AQ$5:$AQ$104,) -> 4 | AS36: ±
A37: P033 | C37: ='[1]Term 1'!$N$37 -> 0 | D37: ='[1]Term 1'!$P37 -> 0 | E37: =SUM(C37,D37) -> 0 | F37: =_xlfn.RANK.EQ(E37,$E$5:$E$104,) -> 4 | G37: ='[2]Term 1'!$N$37 -> 0 | H37: ='[2]Term 1'!$P$37 -> 0 | I37: =SUM(G37,H37) -> 0 | J37: =_xlfn.RANK.EQ(I37,$I$5:$I$104,) -> 1 | K37: ='[3]Term 1'!$N$37 -> 0 | L37: ='[3]Term 1'!$P$37 -> 0 | M37: =SUM(K37,L37) -> 0 | N37: =_xlfn.RANK.EQ(M37,$M$5:$M$104,) -> 1 | O37: ='[4]Term 1'!$N$37 -> 0 | P37: ='[4]Term 1'!$P$37 -> 0 | Q37: =SUM(O37,P37) -> 0 | R37: =_xlfn.RANK.EQ(Q37,$Q$5:$Q$104,) -> 1 | S37: ='[5]Term 1'!$N$37 -> 0 | T37: ='[5]Term 1'!$P$37 -> 0 | U37: =SUM(S37,T37) -> 0 | V37: =_xlfn.RANK.EQ(U37,$U$5:$U$104,) -> 1 | W37: ='[6]Term 1'!$N$37 -> 0 | X37: ='[6]Term 1'!$P$37 -> 0 | Y37: =SUM(W37,X37) -> 0 | Z37: =_xlfn.RANK.EQ(Y37,$Y$5:$Y$104,) -> 1 | AA37: ='[7]Term 1'!$N$37 -> 0 | AB37: ='[7]Term 1'!$P$37 -> 0 | AC37: =SUM(AA37,AB37) -> 0 | AD37: =_xlfn.RANK.EQ(AC37,$AC$5:$AC$104,) -> 1 | AE37: ='[8]Term 1'!$N$37 -> 0 | AF37: ='[8]Term 1'!$P$37 -> 0 | AG37: =SUM(AE37,AF37) -> 0 | AH37: =_xlfn.RANK.EQ(AG37,$AG$5:$AG$104,) -> 1 | AI37: ='[9]Term 1'!$N$37 -> 0 | AJ37: ='[9]Term 1'!$P$37 -> 0 | AK37: =SUM(AI37,AJ37) -> 0 | AL37: =_xlfn.RANK.EQ(AK37,$AK$5:$AK$104,) -> 1 | AM37: ='[10]Term 1'!$N$37 -> 0 | AN37: ='[10]Term 1'!$P$37 -> 0 | AO37: =SUM(AM37,AN37) -> 0 | AP37: =_xlfn.RANK.EQ(AO37,$AO$5:$AO$104,) -> 1 | AQ37: =SUM(E37,I37,M37,Q37,U37,Y37,AC37,AG37,AK37,AO37) -> 0 | AR37: =_xlfn.RANK.EQ(AQ37,$AQ$5:$AQ$104,) -> 4 | AS37: ±
A38: P034 | C38: ='[1]Term 1'!$N$38 -> 0 | D38: ='[1]Term 1'!$P38 -> 0 | E38: =SUM(C38,D38) -> 0 | F38: =_xlfn.RANK.EQ(E38,$E$5:$E$104,) -> 4 | G38: ='[2]Term 1'!$N$38 -> 0 | H38: ='[2]Term 1'!$P$38 -> 0 | I38: =SUM(G38,H38) -> 0 | J38: =_xlfn.RANK.EQ(I38,$I$5:$I$104,) -> 1 | K38: ='[3]Term 1'!$N$38 -> 0 | L38: ='[3]Term 1'!$P$38 -> 0 | M38: =SUM(K38,L38) -> 0 | N38: =_xlfn.RANK.EQ(M38,$M$5:$M$104,) -> 1 | O38: ='[4]Term 1'!$N$38 -> 0 | P38: ='[4]Term 1'!$P$38 -> 0 | Q38: =SUM(O38,P38) -> 0 | R38: =_xlfn.RANK.EQ(Q38,$Q$5:$Q$104,) -> 1 | S38: ='[5]Term 1'!$N$38 -> 0 | T38: ='[5]Term 1'!$P$38 -> 0 | U38: =SUM(S38,T38) -> 0 | V38: =_xlfn.RANK.EQ(U38,$U$5:$U$104,) -> 1 | W38: ='[6]Term 1'!$N$38 -> 0 | X38: ='[6]Term 1'!$P$38 -> 0 | Y38: =SUM(W38,X38) -> 0 | Z38: =_xlfn.RANK.EQ(Y38,$Y$5:$Y$104,) -> 1 | AA38: ='[7]Term 1'!$N$38 -> 0 | AB38: ='[7]Term 1'!$P$38 -> 0 | AC38: =SUM(AA38,AB38) -> 0 | AD38: =_xlfn.RANK.EQ(AC38,$AC$5:$AC$104,) -> 1 | AE38: ='[8]Term 1'!$N$38 -> 0 | AF38: ='[8]Term 1'!$P$38 -> 0 | AG38: =SUM(AE38,AF38) -> 0 | AH38: =_xlfn.RANK.EQ(AG38,$AG$5:$AG$104,) -> 1 | AI38: ='[9]Term 1'!$N$38 -> 0 | AJ38: ='[9]Term 1'!$P$38 -> 0 | AK38: =SUM(AI38,AJ38) -> 0 | AL38: =_xlfn.RANK.EQ(AK38,$AK$5:$AK$104,) -> 1 | AM38: ='[10]Term 1'!$N$38 -> 0 | AN38: ='[10]Term 1'!$P$38 -> 0 | AO38: =SUM(AM38,AN38) -> 0 | AP38: =_xlfn.RANK.EQ(AO38,$AO$5:$AO$104,) -> 1 | AQ38: =SUM(E38,I38,M38,Q38,U38,Y38,AC38,AG38,AK38,AO38) -> 0 | AR38: =_xlfn.RANK.EQ(AQ38,$AQ$5:$AQ$104,) -> 4 | AS38: ±
A39: P035 | C39: ='[1]Term 1'!$N$39 -> 0 | D39: ='[1]Term 1'!$P39 -> 0 | E39: =SUM(C39,D39) -> 0 | F39: =_xlfn.RANK.EQ(E39,$E$5:$E$104,) -> 4 | G39: ='[2]Term 1'!$N$39 -> 0 | H39: ='[2]Term 1'!$P$39 -> 0 | I39: =SUM(G39,H39) -> 0 | J39: =_xlfn.RANK.EQ(I39,$I$5:$I$104,) -> 1 | K39: ='[3]Term 1'!$N$39 -> 0 | L39: ='[3]Term 1'!$P$39 -> 0 | M39: =SUM(K39,L39) -> 0 | N39: =_xlfn.RANK.EQ(M39,$M$5:$M$104,) -> 1 | O39: ='[4]Term 1'!$N$39 -> 0 | P39: ='[4]Term 1'!$P$39 -> 0 | Q39: =SUM(O39,P39) -> 0 | R39: =_xlfn.RANK.EQ(Q39,$Q$5:$Q$104,) -> 1 | S39: ='[5]Term 1'!$N$39 -> 0 | T39: ='[5]Term 1'!$P$39 -> 0 | U39: =SUM(S39,T39) -> 0 | V39: =_xlfn.RANK.EQ(U39,$U$5:$U$104,) -> 1 | W39: ='[6]Term 1'!$N$39 -> 0 | X39: ='[6]Term 1'!$P$39 -> 0 | Y39: =SUM(W39,X39) -> 0 | Z39: =_xlfn.RANK.EQ(Y39,$Y$5:$Y$104,) -> 1 | AA39: ='[7]Term 1'!$N$39 -> 0 | AB39: ='[7]Term 1'!$P$39 -> 0 | AC39: =SUM(AA39,AB39) -> 0 | AD39: =_xlfn.RANK.EQ(AC39,$AC$5:$AC$104,) -> 1 | AE39: ='[8]Term 1'!$N$39 -> 0 | AF39: ='[8]Term 1'!$P$39 -> 0 | AG39: =SUM(AE39,AF39) -> 0 | AH39: =_xlfn.RANK.EQ(AG39,$AG$5:$AG$104,) -> 1 | AI39: ='[9]Term 1'!$N$39 -> 0 | AJ39: ='[9]Term 1'!$P$39 -> 0 | AK39: =SUM(AI39,AJ39) -> 0 | AL39: =_xlfn.RANK.EQ(AK39,$AK$5:$AK$104,) -> 1 | AM39: ='[10]Term 1'!$N$39 -> 0 | AN39: ='[10]Term 1'!$P$39 -> 0 | AO39: =SUM(AM39,AN39) -> 0 | AP39: =_xlfn.RANK.EQ(AO39,$AO$5:$AO$104,) -> 1 | AQ39: =SUM(E39,I39,M39,Q39,U39,Y39,AC39,AG39,AK39,AO39) -> 0 | AR39: =_xlfn.RANK.EQ(AQ39,$AQ$5:$AQ$104,) -> 4 | AS39: ±
A40: P036 | C40: ='[1]Term 1'!$N$40 -> 0 | D40: ='[1]Term 1'!$P40 -> 0 | E40: =SUM(C40,D40) -> 0 | F40: =_xlfn.RANK.EQ(E40,$E$5:$E$104,) -> 4 | G40: ='[2]Term 1'!$N$40 -> 0 | H40: ='[2]Term 1'!$P$40 -> 0 | I40: =SUM(G40,H40) -> 0 | J40: =_xlfn.RANK.EQ(I40,$I$5:$I$104,) -> 1 | K40: ='[3]Term 1'!$N$40 -> 0 | L40: ='[3]Term 1'!$P$40 -> 0 | M40: =SUM(K40,L40) -> 0 | N40: =_xlfn.RANK.EQ(M40,$M$5:$M$104,) -> 1 | O40: ='[4]Term 1'!$N$40 -> 0 | P40: ='[4]Term 1'!$P$40 -> 0 | Q40: =SUM(O40,P40) -> 0 | R40: =_xlfn.RANK.EQ(Q40,$Q$5:$Q$104,) -> 1 | S40: ='[5]Term 1'!$N$40 -> 0 | T40: ='[5]Term 1'!$P$40 -> 0 | U40: =SUM(S40,T40) -> 0 | V40: =_xlfn.RANK.EQ(U40,$U$5:$U$104,) -> 1 | W40: ='[6]Term 1'!$N$40 -> 0 | X40: ='[6]Term 1'!$P$40 -> 0 | Y40: =SUM(W40,X40) -> 0 | Z40: =_xlfn.RANK.EQ(Y40,$Y$5:$Y$104,) -> 1 | AA40: ='[7]Term 1'!$N$40 -> 0 | AB40: ='[7]Term 1'!$P$40 -> 0 | AC40: =SUM(AA40,AB40) -> 0 | AD40: =_xlfn.RANK.EQ(AC40,$AC$5:$AC$104,) -> 1 | AE40: ='[8]Term 1'!$N$40 -> 0 | AF40: ='[8]Term 1'!$P$40 -> 0 | AG40: =SUM(AE40,AF40) -> 0 | AH40: =_xlfn.RANK.EQ(AG40,$AG$5:$AG$104,) -> 1 | AI40: ='[9]Term 1'!$N$40 -> 0 | AJ40: ='[9]Term 1'!$P$40 -> 0 | AK40: =SUM(AI40,AJ40) -> 0 | AL40: =_xlfn.RANK.EQ(AK40,$AK$5:$AK$104,) -> 1 | AM40: ='[10]Term 1'!$N$40 -> 0 | AN40: ='[10]Term 1'!$P$40 -> 0 | AO40: =SUM(AM40,AN40) -> 0 | AP40: =_xlfn.RANK.EQ(AO40,$AO$5:$AO$104,) -> 1 | AQ40: =SUM(E40,I40,M40,Q40,U40,Y40,AC40,AG40,AK40,AO40) -> 0 | AR40: =_xlfn.RANK.EQ(AQ40,$AQ$5:$AQ$104,) -> 4 | AS40: ±
A41: P037 | C41: ='[1]Term 1'!$N$41 -> 0 | D41: ='[1]Term 1'!$P41 -> 0 | E41: =SUM(C41,D41) -> 0 | F41: =_xlfn.RANK.EQ(E41,$E$5:$E$104,) -> 4 | G41: ='[2]Term 1'!$N$41 -> 0 | H41: ='[2]Term 1'!$P$41 -> 0 | I41: =SUM(G41,H41) -> 0 | J41: =_xlfn.RANK.EQ(I41,$I$5:$I$104,) -> 1 | K41: ='[3]Term 1'!$N$41 -> 0 | L41: ='[3]Term 1'!$P$41 -> 0 | M41: =SUM(K41,L41) -> 0 | N41: =_xlfn.RANK.EQ(M41,$M$5:$M$104,) -> 1 | O41: ='[4]Term 1'!$N$41 -> 0 | P41: ='[4]Term 1'!$P$41 -> 0 | Q41: =SUM(O41,P41) -> 0 | R41: =_xlfn.RANK.EQ(Q41,$Q$5:$Q$104,) -> 1 | S41: ='[5]Term 1'!$N$41 -> 0 | T41: ='[5]Term 1'!$P$41 -> 0 | U41: =SUM(S41,T41) -> 0 | V41: =_xlfn.RANK.EQ(U41,$U$5:$U$104,) -> 1 | W41: ='[6]Term 1'!$N$41 -> 0 | X41: ='[6]Term 1'!$P$41 -> 0 | Y41: =SUM(W41,X41) -> 0 | Z41: =_xlfn.RANK.EQ(Y41,$Y$5:$Y$104,) -> 1 | AA41: ='[7]Term 1'!$N$41 -> 0 | AB41: ='[7]Term 1'!$P$41 -> 0 | AC41: =SUM(AA41,AB41) -> 0 | AD41: =_xlfn.RANK.EQ(AC41,$AC$5:$AC$104,) -> 1 | AE41: ='[8]Term 1'!$N$41 -> 0 | AF41: ='[8]Term 1'!$P$41 -> 0 | AG41: =SUM(AE41,AF41) -> 0 | AH41: =_xlfn.RANK.EQ(AG41,$AG$5:$AG$104,) -> 1 | AI41: ='[9]Term 1'!$N$41 -> 0 | AJ41: ='[9]Term 1'!$P$41 -> 0 | AK41: =SUM(AI41,AJ41) -> 0 | AL41: =_xlfn.RANK.EQ(AK41,$AK$5:$AK$104,) -> 1 | AM41: ='[10]Term 1'!$N$41 -> 0 | AN41: ='[10]Term 1'!$P$41 -> 0 | AO41: =SUM(AM41,AN41) -> 0 | AP41: =_xlfn.RANK.EQ(AO41,$AO$5:$AO$104,) -> 1 | AQ41: =SUM(E41,I41,M41,Q41,U41,Y41,AC41,AG41,AK41,AO41) -> 0 | AR41: =_xlfn.RANK.EQ(AQ41,$AQ$5:$AQ$104,) -> 4 | AS41: ±
A42: P038 | C42: ='[1]Term 1'!$N$42 -> 0 | D42: ='[1]Term 1'!$P42 -> 0 | E42: =SUM(C42,D42) -> 0 | F42: =_xlfn.RANK.EQ(E42,$E$5:$E$104,) -> 4 | G42: ='[2]Term 1'!$N$42 -> 0 | H42: ='[2]Term 1'!$P$42 -> 0 | I42: =SUM(G42,H42) -> 0 | J42: =_xlfn.RANK.EQ(I42,$I$5:$I$104,) -> 1 | K42: ='[3]Term 1'!$N$42 -> 0 | L42: ='[3]Term 1'!$P$42 -> 0 | M42: =SUM(K42,L42) -> 0 | N42: =_xlfn.RANK.EQ(M42,$M$5:$M$104,) -> 1 | O42: ='[4]Term 1'!$N$42 -> 0 | P42: ='[4]Term 1'!$P$42 -> 0 | Q42: =SUM(O42,P42) -> 0 | R42: =_xlfn.RANK.EQ(Q42,$Q$5:$Q$104,) -> 1 | S42: ='[5]Term 1'!$N$42 -> 0 | T42: ='[5]Term 1'!$P$42 -> 0 | U42: =SUM(S42,T42) -> 0 | V42: =_xlfn.RANK.EQ(U42,$U$5:$U$104,) -> 1 | W42: ='[6]Term 1'!$N$42 -> 0 | X42: ='[6]Term 1'!$P$42 -> 0 | Y42: =SUM(W42,X42) -> 0 | Z42: =_xlfn.RANK.EQ(Y42,$Y$5:$Y$104,) -> 1 | AA42: ='[7]Term 1'!$N$42 -> 0 | AB42: ='[7]Term 1'!$P$42 -> 0 | AC42: =SUM(AA42,AB42) -> 0 | AD42: =_xlfn.RANK.EQ(AC42,$AC$5:$AC$104,) -> 1 | AE42: ='[8]Term 1'!$N$42 -> 0 | AF42: ='[8]Term 1'!$P$42 -> 0 | AG42: =SUM(AE42,AF42) -> 0 | AH42: =_xlfn.RANK.EQ(AG42,$AG$5:$AG$104,) -> 1 | AI42: ='[9]Term 1'!$N$42 -> 0 | AJ42: ='[9]Term 1'!$P$42 -> 0 | AK42: =SUM(AI42,AJ42) -> 0 | AL42: =_xlfn.RANK.EQ(AK42,$AK$5:$AK$104,) -> 1 | AM42: ='[10]Term 1'!$N$42 -> 0 | AN42: ='[10]Term 1'!$P$42 -> 0 | AO42: =SUM(AM42,AN42) -> 0 | AP42: =_xlfn.RANK.EQ(AO42,$AO$5:$AO$104,) -> 1 | AQ42: =SUM(E42,I42,M42,Q42,U42,Y42,AC42,AG42,AK42,AO42) -> 0 | AR42: =_xlfn.RANK.EQ(AQ42,$AQ$5:$AQ$104,) -> 4 | AS42: ±
A43: P039 | C43: ='[1]Term 1'!$N$43 -> 0 | D43: ='[1]Term 1'!$P43 -> 0 | E43: =SUM(C43,D43) -> 0 | F43: =_xlfn.RANK.EQ(E43,$E$5:$E$104,) -> 4 | G43: ='[2]Term 1'!$N$43 -> 0 | H43: ='[2]Term 1'!$P$43 -> 0 | I43: =SUM(G43,H43) -> 0 | J43: =_xlfn.RANK.EQ(I43,$I$5:$I$104,) -> 1 | K43: ='[3]Term 1'!$N$43 -> 0 | L43: ='[3]Term 1'!$P$43 -> 0 | M43: =SUM(K43,L43) -> 0 | N43: =_xlfn.RANK.EQ(M43,$M$5:$M$104,) -> 1 | O43: ='[4]Term 1'!$N$43 -> 0 | P43: ='[4]Term 1'!$P$43 -> 0 | Q43: =SUM(O43,P43) -> 0 | R43: =_xlfn.RANK.EQ(Q43,$Q$5:$Q$104,) -> 1 | S43: ='[5]Term 1'!$N$43 -> 0 | T43: ='[5]Term 1'!$P$43 -> 0 | U43: =SUM(S43,T43) -> 0 | V43: =_xlfn.RANK.EQ(U43,$U$5:$U$104,) -> 1 | W43: ='[6]Term 1'!$N$43 -> 0 | X43: ='[6]Term 1'!$P$43 -> 0 | Y43: =SUM(W43,X43) -> 0 | Z43: =_xlfn.RANK.EQ(Y43,$Y$5:$Y$104,) -> 1 | AA43: ='[7]Term 1'!$N$43 -> 0 | AB43: ='[7]Term 1'!$P$43 -> 0 | AC43: =SUM(AA43,AB43) -> 0 | AD43: =_xlfn.RANK.EQ(AC43,$AC$5:$AC$104,) -> 1 | AE43: ='[8]Term 1'!$N$43 -> 0 | AF43: ='[8]Term 1'!$P$43 -> 0 | AG43: =SUM(AE43,AF43) -> 0 | AH43: =_xlfn.RANK.EQ(AG43,$AG$5:$AG$104,) -> 1 | AI43: ='[9]Term 1'!$N$43 -> 0 | AJ43: ='[9]Term 1'!$P$43 -> 0 | AK43: =SUM(AI43,AJ43) -> 0 | AL43: =_xlfn.RANK.EQ(AK43,$AK$5:$AK$104,) -> 1 | AM43: ='[10]Term 1'!$N$43 -> 0 | AN43: ='[10]Term 1'!$P$43 -> 0 | AO43: =SUM(AM43,AN43) -> 0 | AP43: =_xlfn.RANK.EQ(AO43,$AO$5:$AO$104,) -> 1 | AQ43: =SUM(E43,I43,M43,Q43,U43,Y43,AC43,AG43,AK43,AO43) -> 0 | AR43: =_xlfn.RANK.EQ(AQ43,$AQ$5:$AQ$104,) -> 4 | AS43: ±
A44: P040 | C44: ='[1]Term 1'!$N$44 -> 0 | D44: ='[1]Term 1'!$P44 -> 0 | E44: =SUM(C44,D44) -> 0 | F44: =_xlfn.RANK.EQ(E44,$E$5:$E$104,) -> 4 | G44: ='[2]Term 1'!$N$44 -> 0 | H44: ='[2]Term 1'!$P$44 -> 0 | I44: =SUM(G44,H44) -> 0 | J44: =_xlfn.RANK.EQ(I44,$I$5:$I$104,) -> 1 | K44: ='[3]Term 1'!$N$44 -> 0 | L44: ='[3]Term 1'!$P$44 -> 0 | M44: =SUM(K44,L44) -> 0 | N44: =_xlfn.RANK.EQ(M44,$M$5:$M$104,) -> 1 | O44: ='[4]Term 1'!$N$44 -> 0 | P44: ='[4]Term 1'!$P$44 -> 0 | Q44: =SUM(O44,P44) -> 0 | R44: =_xlfn.RANK.EQ(Q44,$Q$5:$Q$104,) -> 1 | S44: ='[5]Term 1'!$N$44 -> 0 | T44: ='[5]Term 1'!$P$44 -> 0 | U44: =SUM(S44,T44) -> 0 | V44: =_xlfn.RANK.EQ(U44,$U$5:$U$104,) -> 1 | W44: ='[6]Term 1'!$N$44 -> 0 | X44: ='[6]Term 1'!$P$44 -> 0 | Y44: =SUM(W44,X44) -> 0 | Z44: =_xlfn.RANK.EQ(Y44,$Y$5:$Y$104,) -> 1 | AA44: ='[7]Term 1'!$N$44 -> 0 | AB44: ='[7]Term 1'!$P$44 -> 0 | AC44: =SUM(AA44,AB44) -> 0 | AD44: =_xlfn.RANK.EQ(AC44,$AC$5:$AC$104,) -> 1 | AE44: ='[8]Term 1'!$N$44 -> 0 | AF44: ='[8]Term 1'!$P$44 -> 0 | AG44: =SUM(AE44,AF44) -> 0 | AH44: =_xlfn.RANK.EQ(AG44,$AG$5:$AG$104,) -> 1 | AI44: ='[9]Term 1'!$N$44 -> 0 | AJ44: ='[9]Term 1'!$P$44 -> 0 | AK44: =SUM(AI44,AJ44) -> 0 | AL44: =_xlfn.RANK.EQ(AK44,$AK$5:$AK$104,) -> 1 | AM44: ='[10]Term 1'!$N$44 -> 0 | AN44: ='[10]Term 1'!$P$44 -> 0 | AO44: =SUM(AM44,AN44) -> 0 | AP44: =_xlfn.RANK.EQ(AO44,$AO$5:$AO$104,) -> 1 | AQ44: =SUM(E44,I44,M44,Q44,U44,Y44,AC44,AG44,AK44,AO44) -> 0 | AR44: =_xlfn.RANK.EQ(AQ44,$AQ$5:$AQ$104,) -> 4 | AS44: ±
A45: P041 | C45: ='[1]Term 1'!$N$45 -> 0 | D45: ='[1]Term 1'!$P45 -> 0 | E45: =SUM(C45,D45) -> 0 | F45: =_xlfn.RANK.EQ(E45,$E$5:$E$104,) -> 4 | G45: ='[2]Term 1'!$N$45 -> 0 | H45: ='[2]Term 1'!$P$45 -> 0 | I45: =SUM(G45,H45) -> 0 | J45: =_xlfn.RANK.EQ(I45,$I$5:$I$104,) -> 1 | K45: ='[3]Term 1'!$N$45 -> 0 | L45: ='[3]Term 1'!$P$45 -> 0 | M45: =SUM(K45,L45) -> 0 | N45: =_xlfn.RANK.EQ(M45,$M$5:$M$104,) -> 1 | O45: ='[4]Term 1'!$N$45 -> 0 | P45: ='[4]Term 1'!$P$45 -> 0 | Q45: =SUM(O45,P45) -> 0 | R45: =_xlfn.RANK.EQ(Q45,$Q$5:$Q$104,) -> 1 | S45: ='[5]Term 1'!$N$45 -> 0 | T45: ='[5]Term 1'!$P$45 -> 0 | U45: =SUM(S45,T45) -> 0 | V45: =_xlfn.RANK.EQ(U45,$U$5:$U$104,) -> 1 | W45: ='[6]Term 1'!$N$45 -> 0 | X45: ='[6]Term 1'!$P$45 -> 0 | Y45: =SUM(W45,X45) -> 0 | Z45: =_xlfn.RANK.EQ(Y45,$Y$5:$Y$104,) -> 1 | AA45: ='[7]Term 1'!$N$45 -> 0 | AB45: ='[7]Term 1'!$P$45 -> 0 | AC45: =SUM(AA45,AB45) -> 0 | AD45: =_xlfn.RANK.EQ(AC45,$AC$5:$AC$104,) -> 1 | AE45: ='[8]Term 1'!$N$45 -> 0 | AF45: ='[8]Term 1'!$P$45 -> 0 | AG45: =SUM(AE45,AF45) -> 0 | AH45: =_xlfn.RANK.EQ(AG45,$AG$5:$AG$104,) -> 1 | AI45: ='[9]Term 1'!$N$45 -> 0 | AJ45: ='[9]Term 1'!$P$45 -> 0 | AK45: =SUM(AI45,AJ45) -> 0 | AL45: =_xlfn.RANK.EQ(AK45,$AK$5:$AK$104,) -> 1 | AM45: ='[10]Term 1'!$N$45 -> 0 | AN45: ='[10]Term 1'!$P$45 -> 0 | AO45: =SUM(AM45,AN45) -> 0 | AP45: =_xlfn.RANK.EQ(AO45,$AO$5:$AO$104,) -> 1 | AQ45: =SUM(E45,I45,M45,Q45,U45,Y45,AC45,AG45,AK45,AO45) -> 0 | AR45: =_xlfn.RANK.EQ(AQ45,$AQ$5:$AQ$104,) -> 4 | AS45: ±
A46: P042 | C46: ='[1]Term 1'!$N$46 -> 0 | D46: ='[1]Term 1'!$P46 -> 0 | E46: =SUM(C46,D46) -> 0 | F46: =_xlfn.RANK.EQ(E46,$E$5:$E$104,) -> 4 | G46: ='[2]Term 1'!$N$46 -> 0 | H46: ='[2]Term 1'!$P$46 -> 0 | I46: =SUM(G46,H46) -> 0 | J46: =_xlfn.RANK.EQ(I46,$I$5:$I$104,) -> 1 | K46: ='[3]Term 1'!$N$46 -> 0 | L46: ='[3]Term 1'!$P$46 -> 0 | M46: =SUM(K46,L46) -> 0 | N46: =_xlfn.RANK.EQ(M46,$M$5:$M$104,) -> 1 | O46: ='[4]Term 1'!$N$46 -> 0 | P46: ='[4]Term 1'!$P$46 -> 0 | Q46: =SUM(O46,P46) -> 0 | R46: =_xlfn.RANK.EQ(Q46,$Q$5:$Q$104,) -> 1 | S46: ='[5]Term 1'!$N$46 -> 0 | T46: ='[5]Term 1'!$P$46 -> 0 | U46: =SUM(S46,T46) -> 0 | V46: =_xlfn.RANK.EQ(U46,$U$5:$U$104,) -> 1 | W46: ='[6]Term 1'!$N$46 -> 0 | X46: ='[6]Term 1'!$P$46 -> 0 | Y46: =SUM(W46,X46) -> 0 | Z46: =_xlfn.RANK.EQ(Y46,$Y$5:$Y$104,) -> 1 | AA46: ='[7]Term 1'!$N$46 -> 0 | AB46: ='[7]Term 1'!$P$46 -> 0 | AC46: =SUM(AA46,AB46) -> 0 | AD46: =_xlfn.RANK.EQ(AC46,$AC$5:$AC$104,) -> 1 | AE46: ='[8]Term 1'!$N$46 -> 0 | AF46: ='[8]Term 1'!$P$46 -> 0 | AG46: =SUM(AE46,AF46) -> 0 | AH46: =_xlfn.RANK.EQ(AG46,$AG$5:$AG$104,) -> 1 | AI46: ='[9]Term 1'!$N$46 -> 0 | AJ46: ='[9]Term 1'!$P$46 -> 0 | AK46: =SUM(AI46,AJ46) -> 0 | AL46: =_xlfn.RANK.EQ(AK46,$AK$5:$AK$104,) -> 1 | AM46: ='[10]Term 1'!$N$46 -> 0 | AN46: ='[10]Term 1'!$P$46 -> 0 | AO46: =SUM(AM46,AN46) -> 0 | AP46: =_xlfn.RANK.EQ(AO46,$AO$5:$AO$104,) -> 1 | AQ46: =SUM(E46,I46,M46,Q46,U46,Y46,AC46,AG46,AK46,AO46) -> 0 | AR46: =_xlfn.RANK.EQ(AQ46,$AQ$5:$AQ$104,) -> 4 | AS46: ±
A47: P043 | C47: ='[1]Term 1'!$N$47 -> 0 | D47: ='[1]Term 1'!$P47 -> 0 | E47: =SUM(C47,D47) -> 0 | F47: =_xlfn.RANK.EQ(E47,$E$5:$E$104,) -> 4 | G47: ='[2]Term 1'!$N$47 -> 0 | H47: ='[2]Term 1'!$P$47 -> 0 | I47: =SUM(G47,H47) -> 0 | J47: =_xlfn.RANK.EQ(I47,$I$5:$I$104,) -> 1 | K47: ='[3]Term 1'!$N$47 -> 0 | L47: ='[3]Term 1'!$P$47 -> 0 | M47: =SUM(K47,L47) -> 0 | N47: =_xlfn.RANK.EQ(M47,$M$5:$M$104,) -> 1 | O47: ='[4]Term 1'!$N$47 -> 0 | P47: ='[4]Term 1'!$P$47 -> 0 | Q47: =SUM(O47,P47) -> 0 | R47: =_xlfn.RANK.EQ(Q47,$Q$5:$Q$104,) -> 1 | S47: ='[5]Term 1'!$N$47 -> 0 | T47: ='[5]Term 1'!$P$47 -> 0 | U47: =SUM(S47,T47) -> 0 | V47: =_xlfn.RANK.EQ(U47,$U$5:$U$104,) -> 1 | W47: ='[6]Term 1'!$N$47 -> 0 | X47: ='[6]Term 1'!$P$47 -> 0 | Y47: =SUM(W47,X47) -> 0 | Z47: =_xlfn.RANK.EQ(Y47,$Y$5:$Y$104,) -> 1 | AA47: ='[7]Term 1'!$N$47 -> 0 | AB47: ='[7]Term 1'!$P$47 -> 0 | AC47: =SUM(AA47,AB47) -> 0 | AD47: =_xlfn.RANK.EQ(AC47,$AC$5:$AC$104,) -> 1 | AE47: ='[8]Term 1'!$N$47 -> 0 | AF47: ='[8]Term 1'!$P$47 -> 0 | AG47: =SUM(AE47,AF47) -> 0 | AH47: =_xlfn.RANK.EQ(AG47,$AG$5:$AG$104,) -> 1 | AI47: ='[9]Term 1'!$N$47 -> 0 | AJ47: ='[9]Term 1'!$P$47 -> 0 | AK47: =SUM(AI47,AJ47) -> 0 | AL47: =_xlfn.RANK.EQ(AK47,$AK$5:$AK$104,) -> 1 | AM47: ='[10]Term 1'!$N$47 -> 0 | AN47: ='[10]Term 1'!$P$47 -> 0 | AO47: =SUM(AM47,AN47) -> 0 | AP47: =_xlfn.RANK.EQ(AO47,$AO$5:$AO$104,) -> 1 | AQ47: =SUM(E47,I47,M47,Q47,U47,Y47,AC47,AG47,AK47,AO47) -> 0 | AR47: =_xlfn.RANK.EQ(AQ47,$AQ$5:$AQ$104,) -> 4 | AS47: ±
A48: P044 | C48: ='[1]Term 1'!$N$48 -> 0 | D48: ='[1]Term 1'!$P48 -> 0 | E48: =SUM(C48,D48) -> 0 | F48: =_xlfn.RANK.EQ(E48,$E$5:$E$104,) -> 4 | G48: ='[2]Term 1'!$N$48 -> 0 | H48: ='[2]Term 1'!$P$48 -> 0 | I48: =SUM(G48,H48) -> 0 | J48: =_xlfn.RANK.EQ(I48,$I$5:$I$104,) -> 1 | K48: ='[3]Term 1'!$N$48 -> 0 | L48: ='[3]Term 1'!$P$48 -> 0 | M48: =SUM(K48,L48) -> 0 | N48: =_xlfn.RANK.EQ(M48,$M$5:$M$104,) -> 1 | O48: ='[4]Term 1'!$N$48 -> 0 | P48: ='[4]Term 1'!$P$48 -> 0 | Q48: =SUM(O48,P48) -> 0 | R48: =_xlfn.RANK.EQ(Q48,$Q$5:$Q$104,) -> 1 | S48: ='[5]Term 1'!$N$48 -> 0 | T48: ='[5]Term 1'!$P$48 -> 0 | U48: =SUM(S48,T48) -> 0 | V48: =_xlfn.RANK.EQ(U48,$U$5:$U$104,) -> 1 | W48: ='[6]Term 1'!$N$48 -> 0 | X48: ='[6]Term 1'!$P$48 -> 0 | Y48: =SUM(W48,X48) -> 0 | Z48: =_xlfn.RANK.EQ(Y48,$Y$5:$Y$104,) -> 1 | AA48: ='[7]Term 1'!$N$48 -> 0 | AB48: ='[7]Term 1'!$P$48 -> 0 | AC48: =SUM(AA48,AB48) -> 0 | AD48: =_xlfn.RANK.EQ(AC48,$AC$5:$AC$104,) -> 1 | AE48: ='[8]Term 1'!$N$48 -> 0 | AF48: ='[8]Term 1'!$P$48 -> 0 | AG48: =SUM(AE48,AF48) -> 0 | AH48: =_xlfn.RANK.EQ(AG48,$AG$5:$AG$104,) -> 1 | AI48: ='[9]Term 1'!$N$48 -> 0 | AJ48: ='[9]Term 1'!$P$48 -> 0 | AK48: =SUM(AI48,AJ48) -> 0 | AL48: =_xlfn.RANK.EQ(AK48,$AK$5:$AK$104,) -> 1 | AM48: ='[10]Term 1'!$N$48 -> 0 | AN48: ='[10]Term 1'!$P$48 -> 0 | AO48: =SUM(AM48,AN48) -> 0 | AP48: =_xlfn.RANK.EQ(AO48,$AO$5:$AO$104,) -> 1 | AQ48: =SUM(E48,I48,M48,Q48,U48,Y48,AC48,AG48,AK48,AO48) -> 0 | AR48: =_xlfn.RANK.EQ(AQ48,$AQ$5:$AQ$104,) -> 4 | AS48: ±
A49: P045 | C49: ='[1]Term 1'!$N$49 -> 0 | D49: ='[1]Term 1'!$P49 -> 0 | E49: =SUM(C49,D49) -> 0 | F49: =_xlfn.RANK.EQ(E49,$E$5:$E$104,) -> 4 | G49: ='[2]Term 1'!$N$49 -> 0 | H49: ='[2]Term 1'!$P$49 -> 0 | I49: =SUM(G49,H49) -> 0 | J49: =_xlfn.RANK.EQ(I49,$I$5:$I$104,) -> 1 | K49: ='[3]Term 1'!$N$49 -> 0 | L49: ='[3]Term 1'!$P$49 -> 0 | M49: =SUM(K49,L49) -> 0 | N49: =_xlfn.RANK.EQ(M49,$M$5:$M$104,) -> 1 | O49: ='[4]Term 1'!$N$49 -> 0 | P49: ='[4]Term 1'!$P$49 -> 0 | Q49: =SUM(O49,P49) -> 0 | R49: =_xlfn.RANK.EQ(Q49,$Q$5:$Q$104,) -> 1 | S49: ='[5]Term 1'!$N$49 -> 0 | T49: ='[5]Term 1'!$P$49 -> 0 | U49: =SUM(S49,T49) -> 0 | V49: =_xlfn.RANK.EQ(U49,$U$5:$U$104,) -> 1 | W49: ='[6]Term 1'!$N$49 -> 0 | X49: ='[6]Term 1'!$P$49 -> 0 | Y49: =SUM(W49,X49) -> 0 | Z49: =_xlfn.RANK.EQ(Y49,$Y$5:$Y$104,) -> 1 | AA49: ='[7]Term 1'!$N$49 -> 0 | AB49: ='[7]Term 1'!$P$49 -> 0 | AC49: =SUM(AA49,AB49) -> 0 | AD49: =_xlfn.RANK.EQ(AC49,$AC$5:$AC$104,) -> 1 | AE49: ='[8]Term 1'!$N$49 -> 0 | AF49: ='[8]Term 1'!$P$49 -> 0 | AG49: =SUM(AE49,AF49) -> 0 | AH49: =_xlfn.RANK.EQ(AG49,$AG$5:$AG$104,) -> 1 | AI49: ='[9]Term 1'!$N$49 -> 0 | AJ49: ='[9]Term 1'!$P$49 -> 0 | AK49: =SUM(AI49,AJ49) -> 0 | AL49: =_xlfn.RANK.EQ(AK49,$AK$5:$AK$104,) -> 1 | AM49: ='[10]Term 1'!$N$49 -> 0 | AN49: ='[10]Term 1'!$P$49 -> 0 | AO49: =SUM(AM49,AN49) -> 0 | AP49: =_xlfn.RANK.EQ(AO49,$AO$5:$AO$104,) -> 1 | AQ49: =SUM(E49,I49,M49,Q49,U49,Y49,AC49,AG49,AK49,AO49) -> 0 | AR49: =_xlfn.RANK.EQ(AQ49,$AQ$5:$AQ$104,) -> 4 | AS49: ±
A50: P046 | C50: ='[1]Term 1'!$N$50 -> 0 | D50: ='[1]Term 1'!$P50 -> 0 | E50: =SUM(C50,D50) -> 0 | F50: =_xlfn.RANK.EQ(E50,$E$5:$E$104,) -> 4 | G50: ='[2]Term 1'!$N$50 -> 0 | H50: ='[2]Term 1'!$P$50 -> 0 | I50: =SUM(G50,H50) -> 0 | J50: =_xlfn.RANK.EQ(I50,$I$5:$I$104,) -> 1 | K50: ='[3]Term 1'!$N$50 -> 0 | L50: ='[3]Term 1'!$P$50 -> 0 | M50: =SUM(K50,L50) -> 0 | N50: =_xlfn.RANK.EQ(M50,$M$5:$M$104,) -> 1 | O50: ='[4]Term 1'!$N$50 -> 0 | P50: ='[4]Term 1'!$P$50 -> 0 | Q50: =SUM(O50,P50) -> 0 | R50: =_xlfn.RANK.EQ(Q50,$Q$5:$Q$104,) -> 1 | S50: ='[5]Term 1'!$N$50 -> 0 | T50: ='[5]Term 1'!$P$50 -> 0 | U50: =SUM(S50,T50) -> 0 | V50: =_xlfn.RANK.EQ(U50,$U$5:$U$104,) -> 1 | W50: ='[6]Term 1'!$N$50 -> 0 | X50: ='[6]Term 1'!$P$50 -> 0 | Y50: =SUM(W50,X50) -> 0 | Z50: =_xlfn.RANK.EQ(Y50,$Y$5:$Y$104,) -> 1 | AA50: ='[7]Term 1'!$N$50 -> 0 | AB50: ='[7]Term 1'!$P$50 -> 0 | AC50: =SUM(AA50,AB50) -> 0 | AD50: =_xlfn.RANK.EQ(AC50,$AC$5:$AC$104,) -> 1 | AE50: ='[8]Term 1'!$N$50 -> 0 | AF50: ='[8]Term 1'!$P$50 -> 0 | AG50: =SUM(AE50,AF50) -> 0 | AH50: =_xlfn.RANK.EQ(AG50,$AG$5:$AG$104,) -> 1 | AI50: ='[9]Term 1'!$N$50 -> 0 | AJ50: ='[9]Term 1'!$P$50 -> 0 | AK50: =SUM(AI50,AJ50) -> 0 | AL50: =_xlfn.RANK.EQ(AK50,$AK$5:$AK$104,) -> 1 | AM50: ='[10]Term 1'!$N$50 -> 0 | AN50: ='[10]Term 1'!$P$50 -> 0 | AO50: =SUM(AM50,AN50) -> 0 | AP50: =_xlfn.RANK.EQ(AO50,$AO$5:$AO$104,) -> 1 | AQ50: =SUM(E50,I50,M50,Q50,U50,Y50,AC50,AG50,AK50,AO50) -> 0 | AR50: =_xlfn.RANK.EQ(AQ50,$AQ$5:$AQ$104,) -> 4 | AS50: ±
A51: P047 | C51: ='[1]Term 1'!$N$51 -> 0 | D51: ='[1]Term 1'!$P51 -> 0 | E51: =SUM(C51,D51) -> 0 | F51: =_xlfn.RANK.EQ(E51,$E$5:$E$104,) -> 4 | G51: ='[2]Term 1'!$N$51 -> 0 | H51: ='[2]Term 1'!$P$51 -> 0 | I51: =SUM(G51,H51) -> 0 | J51: =_xlfn.RANK.EQ(I51,$I$5:$I$104,) -> 1 | K51: ='[3]Term 1'!$N$51 -> 0 | L51: ='[3]Term 1'!$P$51 -> 0 | M51: =SUM(K51,L51) -> 0 | N51: =_xlfn.RANK.EQ(M51,$M$5:$M$104,) -> 1 | O51: ='[4]Term 1'!$N$51 -> 0 | P51: ='[4]Term 1'!$P$51 -> 0 | Q51: =SUM(O51,P51) -> 0 | R51: =_xlfn.RANK.EQ(Q51,$Q$5:$Q$104,) -> 1 | S51: ='[5]Term 1'!$N$51 -> 0 | T51: ='[5]Term 1'!$P$51 -> 0 | U51: =SUM(S51,T51) -> 0 | V51: =_xlfn.RANK.EQ(U51,$U$5:$U$104,) -> 1 | W51: ='[6]Term 1'!$N$51 -> 0 | X51: ='[6]Term 1'!$P$51 -> 0 | Y51: =SUM(W51,X51) -> 0 | Z51: =_xlfn.RANK.EQ(Y51,$Y$5:$Y$104,) -> 1 | AA51: ='[7]Term 1'!$N$51 -> 0 | AB51: ='[7]Term 1'!$P$51 -> 0 | AC51: =SUM(AA51,AB51) -> 0 | AD51: =_xlfn.RANK.EQ(AC51,$AC$5:$AC$104,) -> 1 | AE51: ='[8]Term 1'!$N$51 -> 0 | AF51: ='[8]Term 1'!$P$51 -> 0 | AG51: =SUM(AE51,AF51) -> 0 | AH51: =_xlfn.RANK.EQ(AG51,$AG$5:$AG$104,) -> 1 | AI51: ='[9]Term 1'!$N$51 -> 0 | AJ51: ='[9]Term 1'!$P$51 -> 0 | AK51: =SUM(AI51,AJ51) -> 0 | AL51: =_xlfn.RANK.EQ(AK51,$AK$5:$AK$104,) -> 1 | AM51: ='[10]Term 1'!$N$51 -> 0 | AN51: ='[10]Term 1'!$P$51 -> 0 | AO51: =SUM(AM51,AN51) -> 0 | AP51: =_xlfn.RANK.EQ(AO51,$AO$5:$AO$104,) -> 1 | AQ51: =SUM(E51,I51,M51,Q51,U51,Y51,AC51,AG51,AK51,AO51) -> 0 | AR51: =_xlfn.RANK.EQ(AQ51,$AQ$5:$AQ$104,) -> 4 | AS51: ±
A52: P048 | C52: ='[1]Term 1'!$N$52 -> 0 | D52: ='[1]Term 1'!$P52 -> 0 | E52: =SUM(C52,D52) -> 0 | F52: =_xlfn.RANK.EQ(E52,$E$5:$E$104,) -> 4 | G52: ='[2]Term 1'!$N$52 -> 0 | H52: ='[2]Term 1'!$P$52 -> 0 | I52: =SUM(G52,H52) -> 0 | J52: =_xlfn.RANK.EQ(I52,$I$5:$I$104,) -> 1 | K52: ='[3]Term 1'!$N$52 -> 0 | L52: ='[3]Term 1'!$P$52 -> 0 | M52: =SUM(K52,L52) -> 0 | N52: =_xlfn.RANK.EQ(M52,$M$5:$M$104,) -> 1 | O52: ='[4]Term 1'!$N$52 -> 0 | P52: ='[4]Term 1'!$P$52 -> 0 | Q52: =SUM(O52,P52) -> 0 | R52: =_xlfn.RANK.EQ(Q52,$Q$5:$Q$104,) -> 1 | S52: ='[5]Term 1'!$N$52 -> 0 | T52: ='[5]Term 1'!$P$52 -> 0 | U52: =SUM(S52,T52) -> 0 | V52: =_xlfn.RANK.EQ(U52,$U$5:$U$104,) -> 1 | W52: ='[6]Term 1'!$N$52 -> 0 | X52: ='[6]Term 1'!$P$52 -> 0 | Y52: =SUM(W52,X52) -> 0 | Z52: =_xlfn.RANK.EQ(Y52,$Y$5:$Y$104,) -> 1 | AA52: ='[7]Term 1'!$N$52 -> 0 | AB52: ='[7]Term 1'!$P$52 -> 0 | AC52: =SUM(AA52,AB52) -> 0 | AD52: =_xlfn.RANK.EQ(AC52,$AC$5:$AC$104,) -> 1 | AE52: ='[8]Term 1'!$N$52 -> 0 | AF52: ='[8]Term 1'!$P$52 -> 0 | AG52: =SUM(AE52,AF52) -> 0 | AH52: =_xlfn.RANK.EQ(AG52,$AG$5:$AG$104,) -> 1 | AI52: ='[9]Term 1'!$N$52 -> 0 | AJ52: ='[9]Term 1'!$P$52 -> 0 | AK52: =SUM(AI52,AJ52) -> 0 | AL52: =_xlfn.RANK.EQ(AK52,$AK$5:$AK$104,) -> 1 | AM52: ='[10]Term 1'!$N$52 -> 0 | AN52: ='[10]Term 1'!$P$52 -> 0 | AO52: =SUM(AM52,AN52) -> 0 | AP52: =_xlfn.RANK.EQ(AO52,$AO$5:$AO$104,) -> 1 | AQ52: =SUM(E52,I52,M52,Q52,U52,Y52,AC52,AG52,AK52,AO52) -> 0 | AR52: =_xlfn.RANK.EQ(AQ52,$AQ$5:$AQ$104,) -> 4 | AS52: ±
A53: P049 | C53: ='[1]Term 1'!$N$53 -> 0 | D53: ='[1]Term 1'!$P53 -> 0 | E53: =SUM(C53,D53) -> 0 | F53: =_xlfn.RANK.EQ(E53,$E$5:$E$104,) -> 4 | G53: ='[2]Term 1'!$N$53 -> 0 | H53: ='[2]Term 1'!$P$53 -> 0 | I53: =SUM(G53,H53) -> 0 | J53: =_xlfn.RANK.EQ(I53,$I$5:$I$104,) -> 1 | K53: ='[3]Term 1'!$N$53 -> 0 | L53: ='[3]Term 1'!$P$53 -> 0 | M53: =SUM(K53,L53) -> 0 | N53: =_xlfn.RANK.EQ(M53,$M$5:$M$104,) -> 1 | O53: ='[4]Term 1'!$N$53 -> 0 | P53: ='[4]Term 1'!$P$53 -> 0 | Q53: =SUM(O53,P53) -> 0 | R53: =_xlfn.RANK.EQ(Q53,$Q$5:$Q$104,) -> 1 | S53: ='[5]Term 1'!$N$53 -> 0 | T53: ='[5]Term 1'!$P$53 -> 0 | U53: =SUM(S53,T53) -> 0 | V53: =_xlfn.RANK.EQ(U53,$U$5:$U$104,) -> 1 | W53: ='[6]Term 1'!$N$53 -> 0 | X53: ='[6]Term 1'!$P$53 -> 0 | Y53: =SUM(W53,X53) -> 0 | Z53: =_xlfn.RANK.EQ(Y53,$Y$5:$Y$104,) -> 1 | AA53: ='[7]Term 1'!$N$53 -> 0 | AB53: ='[7]Term 1'!$P$53 -> 0 | AC53: =SUM(AA53,AB53) -> 0 | AD53: =_xlfn.RANK.EQ(AC53,$AC$5:$AC$104,) -> 1 | AE53: ='[8]Term 1'!$N$53 -> 0 | AF53: ='[8]Term 1'!$P$53 -> 0 | AG53: =SUM(AE53,AF53) -> 0 | AH53: =_xlfn.RANK.EQ(AG53,$AG$5:$AG$104,) -> 1 | AI53: ='[9]Term 1'!$N$53 -> 0 | AJ53: ='[9]Term 1'!$P$53 -> 0 | AK53: =SUM(AI53,AJ53) -> 0 | AL53: =_xlfn.RANK.EQ(AK53,$AK$5:$AK$104,) -> 1 | AM53: ='[10]Term 1'!$N$53 -> 0 | AN53: ='[10]Term 1'!$P$53 -> 0 | AO53: =SUM(AM53,AN53) -> 0 | AP53: =_xlfn.RANK.EQ(AO53,$AO$5:$AO$104,) -> 1 | AQ53: =SUM(E53,I53,M53,Q53,U53,Y53,AC53,AG53,AK53,AO53) -> 0 | AR53: =_xlfn.RANK.EQ(AQ53,$AQ$5:$AQ$104,) -> 4 | AS53: ±
A54: P050 | C54: ='[1]Term 1'!$N$54 -> 0 | D54: ='[1]Term 1'!$P54 -> 0 | E54: =SUM(C54,D54) -> 0 | F54: =_xlfn.RANK.EQ(E54,$E$5:$E$104,) -> 4 | G54: ='[2]Term 1'!$N$54 -> 0 | H54: ='[2]Term 1'!$P$54 -> 0 | I54: =SUM(G54,H54) -> 0 | J54: =_xlfn.RANK.EQ(I54,$I$5:$I$104,) -> 1 | K54: ='[3]Term 1'!$N$54 -> 0 | L54: ='[3]Term 1'!$P$54 -> 0 | M54: =SUM(K54,L54) -> 0 | N54: =_xlfn.RANK.EQ(M54,$M$5:$M$104,) -> 1 | O54: ='[4]Term 1'!$N$54 -> 0 | P54: ='[4]Term 1'!$P$54 -> 0 | Q54: =SUM(O54,P54) -> 0 | R54: =_xlfn.RANK.EQ(Q54,$Q$5:$Q$104,) -> 1 | S54: ='[5]Term 1'!$N$54 -> 0 | T54: ='[5]Term 1'!$P$54 -> 0 | U54: =SUM(S54,T54) -> 0 | V54: =_xlfn.RANK.EQ(U54,$U$5:$U$104,) -> 1 | W54: ='[6]Term 1'!$N$54 -> 0 | X54: ='[6]Term 1'!$P$54 -> 0 | Y54: =SUM(W54,X54) -> 0 | Z54: =_xlfn.RANK.EQ(Y54,$Y$5:$Y$104,) -> 1 | AA54: ='[7]Term 1'!$N$54 -> 0 | AB54: ='[7]Term 1'!$P$54 -> 0 | AC54: =SUM(AA54,AB54) -> 0 | AD54: =_xlfn.RANK.EQ(AC54,$AC$5:$AC$104,) -> 1 | AE54: ='[8]Term 1'!$N$54 -> 0 | AF54: ='[8]Term 1'!$P$54 -> 0 | AG54: =SUM(AE54,AF54) -> 0 | AH54: =_xlfn.RANK.EQ(AG54,$AG$5:$AG$104,) -> 1 | AI54: ='[9]Term 1'!$N$54 -> 0 | AJ54: ='[9]Term 1'!$P$54 -> 0 | AK54: =SUM(AI54,AJ54) -> 0 | AL54: =_xlfn.RANK.EQ(AK54,$AK$5:$AK$104,) -> 1 | AM54: ='[10]Term 1'!$N$54 -> 0 | AN54: ='[10]Term 1'!$P$54 -> 0 | AO54: =SUM(AM54,AN54) -> 0 | AP54: =_xlfn.RANK.EQ(AO54,$AO$5:$AO$104,) -> 1 | AQ54: =SUM(E54,I54,M54,Q54,U54,Y54,AC54,AG54,AK54,AO54) -> 0 | AR54: =_xlfn.RANK.EQ(AQ54,$AQ$5:$AQ$104,) -> 4 | AS54: ±
A55: P051 | C55: ='[1]Term 1'!$N$55 -> 0 | D55: ='[1]Term 1'!$P55 -> 0 | E55: =SUM(C55,D55) -> 0 | F55: =_xlfn.RANK.EQ(E55,$E$5:$E$104,) -> 4 | G55: ='[2]Term 1'!$N$55 -> 0 | H55: ='[2]Term 1'!$P$55 -> 0 | I55: =SUM(G55,H55) -> 0 | J55: =_xlfn.RANK.EQ(I55,$I$5:$I$104,) -> 1 | K55: ='[3]Term 1'!$N$55 -> 0 | L55: ='[3]Term 1'!$P$55 -> 0 | M55: =SUM(K55,L55) -> 0 | N55: =_xlfn.RANK.EQ(M55,$M$5:$M$104,) -> 1 | O55: ='[4]Term 1'!$N$55 -> 0 | P55: ='[4]Term 1'!$P$55 -> 0 | Q55: =SUM(O55,P55) -> 0 | R55: =_xlfn.RANK.EQ(Q55,$Q$5:$Q$104,) -> 1 | S55: ='[5]Term 1'!$N$55 -> 0 | T55: ='[5]Term 1'!$P$55 -> 0 | U55: =SUM(S55,T55) -> 0 | V55: =_xlfn.RANK.EQ(U55,$U$5:$U$104,) -> 1 | W55: ='[6]Term 1'!$N$55 -> 0 | X55: ='[6]Term 1'!$P$55 -> 0 | Y55: =SUM(W55,X55) -> 0 | Z55: =_xlfn.RANK.EQ(Y55,$Y$5:$Y$104,) -> 1 | AA55: ='[7]Term 1'!$N$55 -> 0 | AB55: ='[7]Term 1'!$P$55 -> 0 | AC55: =SUM(AA55,AB55) -> 0 | AD55: =_xlfn.RANK.EQ(AC55,$AC$5:$AC$104,) -> 1 | AE55: ='[8]Term 1'!$N$55 -> 0 | AF55: ='[8]Term 1'!$P$55 -> 0 | AG55: =SUM(AE55,AF55) -> 0 | AH55: =_xlfn.RANK.EQ(AG55,$AG$5:$AG$104,) -> 1 | AI55: ='[9]Term 1'!$N$55 -> 0 | AJ55: ='[9]Term 1'!$P$55 -> 0 | AK55: =SUM(AI55,AJ55) -> 0 | AL55: =_xlfn.RANK.EQ(AK55,$AK$5:$AK$104,) -> 1 | AM55: ='[10]Term 1'!$N$55 -> 0 | AN55: ='[10]Term 1'!$P$55 -> 0 | AO55: =SUM(AM55,AN55) -> 0 | AP55: =_xlfn.RANK.EQ(AO55,$AO$5:$AO$104,) -> 1 | AQ55: =SUM(E55,I55,M55,Q55,U55,Y55,AC55,AG55,AK55,AO55) -> 0 | AR55: =_xlfn.RANK.EQ(AQ55,$AQ$5:$AQ$104,) -> 4 | AS55: ±
A56: P052 | C56: ='[1]Term 1'!$N$56 -> 0 | D56: ='[1]Term 1'!$P56 -> 0 | E56: =SUM(C56,D56) -> 0 | F56: =_xlfn.RANK.EQ(E56,$E$5:$E$104,) -> 4 | G56: ='[2]Term 1'!$N$56 -> 0 | H56: ='[2]Term 1'!$P$56 -> 0 | I56: =SUM(G56,H56) -> 0 | J56: =_xlfn.RANK.EQ(I56,$I$5:$I$104,) -> 1 | K56: ='[3]Term 1'!$N$56 -> 0 | L56: ='[3]Term 1'!$P$56 -> 0 | M56: =SUM(K56,L56) -> 0 | N56: =_xlfn.RANK.EQ(M56,$M$5:$M$104,) -> 1 | O56: ='[4]Term 1'!$N$56 -> 0 | P56: ='[4]Term 1'!$P$56 -> 0 | Q56: =SUM(O56,P56) -> 0 | R56: =_xlfn.RANK.EQ(Q56,$Q$5:$Q$104,) -> 1 | S56: ='[5]Term 1'!$N$56 -> 0 | T56: ='[5]Term 1'!$P$56 -> 0 | U56: =SUM(S56,T56) -> 0 | V56: =_xlfn.RANK.EQ(U56,$U$5:$U$104,) -> 1 | W56: ='[6]Term 1'!$N$56 -> 0 | X56: ='[6]Term 1'!$P$56 -> 0 | Y56: =SUM(W56,X56) -> 0 | Z56: =_xlfn.RANK.EQ(Y56,$Y$5:$Y$104,) -> 1 | AA56: ='[7]Term 1'!$N$56 -> 0 | AB56: ='[7]Term 1'!$P$56 -> 0 | AC56: =SUM(AA56,AB56) -> 0 | AD56: =_xlfn.RANK.EQ(AC56,$AC$5:$AC$104,) -> 1 | AE56: ='[8]Term 1'!$N$56 -> 0 | AF56: ='[8]Term 1'!$P$56 -> 0 | AG56: =SUM(AE56,AF56) -> 0 | AH56: =_xlfn.RANK.EQ(AG56,$AG$5:$AG$104,) -> 1 | AI56: ='[9]Term 1'!$N$56 -> 0 | AJ56: ='[9]Term 1'!$P$56 -> 0 | AK56: =SUM(AI56,AJ56) -> 0 | AL56: =_xlfn.RANK.EQ(AK56,$AK$5:$AK$104,) -> 1 | AM56: ='[10]Term 1'!$N$56 -> 0 | AN56: ='[10]Term 1'!$P$56 -> 0 | AO56: =SUM(AM56,AN56) -> 0 | AP56: =_xlfn.RANK.EQ(AO56,$AO$5:$AO$104,) -> 1 | AQ56: =SUM(E56,I56,M56,Q56,U56,Y56,AC56,AG56,AK56,AO56) -> 0 | AR56: =_xlfn.RANK.EQ(AQ56,$AQ$5:$AQ$104,) -> 4 | AS56: ±
A57: P053 | C57: ='[1]Term 1'!$N$57 -> 0 | D57: ='[1]Term 1'!$P57 -> 0 | E57: =SUM(C57,D57) -> 0 | F57: =_xlfn.RANK.EQ(E57,$E$5:$E$104,) -> 4 | G57: ='[2]Term 1'!$N$57 -> 0 | H57: ='[2]Term 1'!$P$57 -> 0 | I57: =SUM(G57,H57) -> 0 | J57: =_xlfn.RANK.EQ(I57,$I$5:$I$104,) -> 1 | K57: ='[3]Term 1'!$N$57 -> 0 | L57: ='[3]Term 1'!$P$57 -> 0 | M57: =SUM(K57,L57) -> 0 | N57: =_xlfn.RANK.EQ(M57,$M$5:$M$104,) -> 1 | O57: ='[4]Term 1'!$N$57 -> 0 | P57: ='[4]Term 1'!$P$57 -> 0 | Q57: =SUM(O57,P57) -> 0 | R57: =_xlfn.RANK.EQ(Q57,$Q$5:$Q$104,) -> 1 | S57: ='[5]Term 1'!$N$57 -> 0 | T57: ='[5]Term 1'!$P$57 -> 0 | U57: =SUM(S57,T57) -> 0 | V57: =_xlfn.RANK.EQ(U57,$U$5:$U$104,) -> 1 | W57: ='[6]Term 1'!$N$57 -> 0 | X57: ='[6]Term 1'!$P$57 -> 0 | Y57: =SUM(W57,X57) -> 0 | Z57: =_xlfn.RANK.EQ(Y57,$Y$5:$Y$104,) -> 1 | AA57: ='[7]Term 1'!$N$57 -> 0 | AB57: ='[7]Term 1'!$P$57 -> 0 | AC57: =SUM(AA57,AB57) -> 0 | AD57: =_xlfn.RANK.EQ(AC57,$AC$5:$AC$104,) -> 1 | AE57: ='[8]Term 1'!$N$57 -> 0 | AF57: ='[8]Term 1'!$P$57 -> 0 | AG57: =SUM(AE57,AF57) -> 0 | AH57: =_xlfn.RANK.EQ(AG57,$AG$5:$AG$104,) -> 1 | AI57: ='[9]Term 1'!$N$57 -> 0 | AJ57: ='[9]Term 1'!$P$57 -> 0 | AK57: =SUM(AI57,AJ57) -> 0 | AL57: =_xlfn.RANK.EQ(AK57,$AK$5:$AK$104,) -> 1 | AM57: ='[10]Term 1'!$N$57 -> 0 | AN57: ='[10]Term 1'!$P$57 -> 0 | AO57: =SUM(AM57,AN57) -> 0 | AP57: =_xlfn.RANK.EQ(AO57,$AO$5:$AO$104,) -> 1 | AQ57: =SUM(E57,I57,M57,Q57,U57,Y57,AC57,AG57,AK57,AO57) -> 0 | AR57: =_xlfn.RANK.EQ(AQ57,$AQ$5:$AQ$104,) -> 4 | AS57: ±
A58: P054 | C58: ='[1]Term 1'!$N$58 -> 0 | D58: ='[1]Term 1'!$P58 -> 0 | E58: =SUM(C58,D58) -> 0 | F58: =_xlfn.RANK.EQ(E58,$E$5:$E$104,) -> 4 | G58: ='[2]Term 1'!$N$58 -> 0 | H58: ='[2]Term 1'!$P$58 -> 0 | I58: =SUM(G58,H58) -> 0 | J58: =_xlfn.RANK.EQ(I58,$I$5:$I$104,) -> 1 | K58: ='[3]Term 1'!$N$58 -> 0 | L58: ='[3]Term 1'!$P$58 -> 0 | M58: =SUM(K58,L58) -> 0 | N58: =_xlfn.RANK.EQ(M58,$M$5:$M$104,) -> 1 | O58: ='[4]Term 1'!$N$58 -> 0 | P58: ='[4]Term 1'!$P$58 -> 0 | Q58: =SUM(O58,P58) -> 0 | R58: =_xlfn.RANK.EQ(Q58,$Q$5:$Q$104,) -> 1 | S58: ='[5]Term 1'!$N$58 -> 0 | T58: ='[5]Term 1'!$P$58 -> 0 | U58: =SUM(S58,T58) -> 0 | V58: =_xlfn.RANK.EQ(U58,$U$5:$U$104,) -> 1 | W58: ='[6]Term 1'!$N$58 -> 0 | X58: ='[6]Term 1'!$P$58 -> 0 | Y58: =SUM(W58,X58) -> 0 | Z58: =_xlfn.RANK.EQ(Y58,$Y$5:$Y$104,) -> 1 | AA58: ='[7]Term 1'!$N$58 -> 0 | AB58: ='[7]Term 1'!$P$58 -> 0 | AC58: =SUM(AA58,AB58) -> 0 | AD58: =_xlfn.RANK.EQ(AC58,$AC$5:$AC$104,) -> 1 | AE58: ='[8]Term 1'!$N$58 -> 0 | AF58: ='[8]Term 1'!$P$58 -> 0 | AG58: =SUM(AE58,AF58) -> 0 | AH58: =_xlfn.RANK.EQ(AG58,$AG$5:$AG$104,) -> 1 | AI58: ='[9]Term 1'!$N$58 -> 0 | AJ58: ='[9]Term 1'!$P$58 -> 0 | AK58: =SUM(AI58,AJ58) -> 0 | AL58: =_xlfn.RANK.EQ(AK58,$AK$5:$AK$104,) -> 1 | AM58: ='[10]Term 1'!$N$58 -> 0 | AN58: ='[10]Term 1'!$P$58 -> 0 | AO58: =SUM(AM58,AN58) -> 0 | AP58: =_xlfn.RANK.EQ(AO58,$AO$5:$AO$104,) -> 1 | AQ58: =SUM(E58,I58,M58,Q58,U58,Y58,AC58,AG58,AK58,AO58) -> 0 | AR58: =_xlfn.RANK.EQ(AQ58,$AQ$5:$AQ$104,) -> 4 | AS58: ±
A59: P055 | C59: ='[1]Term 1'!$N$59 -> 0 | D59: ='[1]Term 1'!$P59 -> 0 | E59: =SUM(C59,D59) -> 0 | F59: =_xlfn.RANK.EQ(E59,$E$5:$E$104,) -> 4 | G59: ='[2]Term 1'!$N$59 -> 0 | H59: ='[2]Term 1'!$P$59 -> 0 | I59: =SUM(G59,H59) -> 0 | J59: =_xlfn.RANK.EQ(I59,$I$5:$I$104,) -> 1 | K59: ='[3]Term 1'!$N$59 -> 0 | L59: ='[3]Term 1'!$P$59 -> 0 | M59: =SUM(K59,L59) -> 0 | N59: =_xlfn.RANK.EQ(M59,$M$5:$M$104,) -> 1 | O59: ='[4]Term 1'!$N$59 -> 0 | P59: ='[4]Term 1'!$P$59 -> 0 | Q59: =SUM(O59,P59) -> 0 | R59: =_xlfn.RANK.EQ(Q59,$Q$5:$Q$104,) -> 1 | S59: ='[5]Term 1'!$N$59 -> 0 | T59: ='[5]Term 1'!$P$59 -> 0 | U59: =SUM(S59,T59) -> 0 | V59: =_xlfn.RANK.EQ(U59,$U$5:$U$104,) -> 1 | W59: ='[6]Term 1'!$N$59 -> 0 | X59: ='[6]Term 1'!$P$59 -> 0 | Y59: =SUM(W59,X59) -> 0 | Z59: =_xlfn.RANK.EQ(Y59,$Y$5:$Y$104,) -> 1 | AA59: ='[7]Term 1'!$N$59 -> 0 | AB59: ='[7]Term 1'!$P$59 -> 0 | AC59: =SUM(AA59,AB59) -> 0 | AD59: =_xlfn.RANK.EQ(AC59,$AC$5:$AC$104,) -> 1 | AE59: ='[8]Term 1'!$N$59 -> 0 | AF59: ='[8]Term 1'!$P$59 -> 0 | AG59: =SUM(AE59,AF59) -> 0 | AH59: =_xlfn.RANK.EQ(AG59,$AG$5:$AG$104,) -> 1 | AI59: ='[9]Term 1'!$N$59 -> 0 | AJ59: ='[9]Term 1'!$P$59 -> 0 | AK59: =SUM(AI59,AJ59) -> 0 | AL59: =_xlfn.RANK.EQ(AK59,$AK$5:$AK$104,) -> 1 | AM59: ='[10]Term 1'!$N$59 -> 0 | AN59: ='[10]Term 1'!$P$59 -> 0 | AO59: =SUM(AM59,AN59) -> 0 | AP59: =_xlfn.RANK.EQ(AO59,$AO$5:$AO$104,) -> 1 | AQ59: =SUM(E59,I59,M59,Q59,U59,Y59,AC59,AG59,AK59,AO59) -> 0 | AR59: =_xlfn.RANK.EQ(AQ59,$AQ$5:$AQ$104,) -> 4 | AS59: ±
A60: P056 | C60: ='[1]Term 1'!$N$60 -> 0 | D60: ='[1]Term 1'!$P60 -> 0 | E60: =SUM(C60,D60) -> 0 | F60: =_xlfn.RANK.EQ(E60,$E$5:$E$104,) -> 4 | G60: ='[2]Term 1'!$N$60 -> 0 | H60: ='[2]Term 1'!$P$60 -> 0 | I60: =SUM(G60,H60) -> 0 | J60: =_xlfn.RANK.EQ(I60,$I$5:$I$104,) -> 1 | K60: ='[3]Term 1'!$N$60 -> 0 | L60: ='[3]Term 1'!$P$60 -> 0 | M60: =SUM(K60,L60) -> 0 | N60: =_xlfn.RANK.EQ(M60,$M$5:$M$104,) -> 1 | O60: ='[4]Term 1'!$N$60 -> 0 | P60: ='[4]Term 1'!$P$60 -> 0 | Q60: =SUM(O60,P60) -> 0 | R60: =_xlfn.RANK.EQ(Q60,$Q$5:$Q$104,) -> 1 | S60: ='[5]Term 1'!$N$60 -> 0 | T60: ='[5]Term 1'!$P$60 -> 0 | U60: =SUM(S60,T60) -> 0 | V60: =_xlfn.RANK.EQ(U60,$U$5:$U$104,) -> 1 | W60: ='[6]Term 1'!$N$60 -> 0 | X60: ='[6]Term 1'!$P$60 -> 0 | Y60: =SUM(W60,X60) -> 0 | Z60: =_xlfn.RANK.EQ(Y60,$Y$5:$Y$104,) -> 1 | AA60: ='[7]Term 1'!$N$60 -> 0 | AB60: ='[7]Term 1'!$P$60 -> 0 | AC60: =SUM(AA60,AB60) -> 0 | AD60: =_xlfn.RANK.EQ(AC60,$AC$5:$AC$104,) -> 1 | AE60: ='[8]Term 1'!$N$60 -> 0 | AF60: ='[8]Term 1'!$P$60 -> 0 | AG60: =SUM(AE60,AF60) -> 0 | AH60: =_xlfn.RANK.EQ(AG60,$AG$5:$AG$104,) -> 1 | AI60: ='[9]Term 1'!$N$60 -> 0 | AJ60: ='[9]Term 1'!$P$60 -> 0 | AK60: =SUM(AI60,AJ60) -> 0 | AL60: =_xlfn.RANK.EQ(AK60,$AK$5:$AK$104,) -> 1 | AM60: ='[10]Term 1'!$N$60 -> 0 | AN60: ='[10]Term 1'!$P$60 -> 0 | AO60: =SUM(AM60,AN60) -> 0 | AP60: =_xlfn.RANK.EQ(AO60,$AO$5:$AO$104,) -> 1 | AQ60: =SUM(E60,I60,M60,Q60,U60,Y60,AC60,AG60,AK60,AO60) -> 0 | AR60: =_xlfn.RANK.EQ(AQ60,$AQ$5:$AQ$104,) -> 4 | AS60: ±
A61: P057 | C61: ='[1]Term 1'!$N$61 -> 0 | D61: ='[1]Term 1'!$P61 -> 0 | E61: =SUM(C61,D61) -> 0 | F61: =_xlfn.RANK.EQ(E61,$E$5:$E$104,) -> 4 | G61: ='[2]Term 1'!$N$61 -> 0 | H61: ='[2]Term 1'!$P$61 -> 0 | I61: =SUM(G61,H61) -> 0 | J61: =_xlfn.RANK.EQ(I61,$I$5:$I$104,) -> 1 | K61: ='[3]Term 1'!$N$61 -> 0 | L61: ='[3]Term 1'!$P$61 -> 0 | M61: =SUM(K61,L61) -> 0 | N61: =_xlfn.RANK.EQ(M61,$M$5:$M$104,) -> 1 | O61: ='[4]Term 1'!$N$61 -> 0 | P61: ='[4]Term 1'!$P$61 -> 0 | Q61: =SUM(O61,P61) -> 0 | R61: =_xlfn.RANK.EQ(Q61,$Q$5:$Q$104,) -> 1 | S61: ='[5]Term 1'!$N$61 -> 0 | T61: ='[5]Term 1'!$P$61 -> 0 | U61: =SUM(S61,T61) -> 0 | V61: =_xlfn.RANK.EQ(U61,$U$5:$U$104,) -> 1 | W61: ='[6]Term 1'!$N$61 -> 0 | X61: ='[6]Term 1'!$P$61 -> 0 | Y61: =SUM(W61,X61) -> 0 | Z61: =_xlfn.RANK.EQ(Y61,$Y$5:$Y$104,) -> 1 | AA61: ='[7]Term 1'!$N$61 -> 0 | AB61: ='[7]Term 1'!$P$61 -> 0 | AC61: =SUM(AA61,AB61) -> 0 | AD61: =_xlfn.RANK.EQ(AC61,$AC$5:$AC$104,) -> 1 | AE61: ='[8]Term 1'!$N$61 -> 0 | AF61: ='[8]Term 1'!$P$61 -> 0 | AG61: =SUM(AE61,AF61) -> 0 | AH61: =_xlfn.RANK.EQ(AG61,$AG$5:$AG$104,) -> 1 | AI61: ='[9]Term 1'!$N$61 -> 0 | AJ61: ='[9]Term 1'!$P$61 -> 0 | AK61: =SUM(AI61,AJ61) -> 0 | AL61: =_xlfn.RANK.EQ(AK61,$AK$5:$AK$104,) -> 1 | AM61: ='[10]Term 1'!$N$61 -> 0 | AN61: ='[10]Term 1'!$P$61 -> 0 | AO61: =SUM(AM61,AN61) -> 0 | AP61: =_xlfn.RANK.EQ(AO61,$AO$5:$AO$104,) -> 1 | AQ61: =SUM(E61,I61,M61,Q61,U61,Y61,AC61,AG61,AK61,AO61) -> 0 | AR61: =_xlfn.RANK.EQ(AQ61,$AQ$5:$AQ$104,) -> 4 | AS61: ±
A62: P058 | C62: ='[1]Term 1'!$N$62 -> 0 | D62: ='[1]Term 1'!$P62 -> 0 | E62: =SUM(C62,D62) -> 0 | F62: =_xlfn.RANK.EQ(E62,$E$5:$E$104,) -> 4 | G62: ='[2]Term 1'!$N$62 -> 0 | H62: ='[2]Term 1'!$P$62 -> 0 | I62: =SUM(G62,H62) -> 0 | J62: =_xlfn.RANK.EQ(I62,$I$5:$I$104,) -> 1 | K62: ='[3]Term 1'!$N$62 -> 0 | L62: ='[3]Term 1'!$P$62 -> 0 | M62: =SUM(K62,L62) -> 0 | N62: =_xlfn.RANK.EQ(M62,$M$5:$M$104,) -> 1 | O62: ='[4]Term 1'!$N$62 -> 0 | P62: ='[4]Term 1'!$P$62 -> 0 | Q62: =SUM(O62,P62) -> 0 | R62: =_xlfn.RANK.EQ(Q62,$Q$5:$Q$104,) -> 1 | S62: ='[5]Term 1'!$N$62 -> 0 | T62: ='[5]Term 1'!$P$62 -> 0 | U62: =SUM(S62,T62) -> 0 | V62: =_xlfn.RANK.EQ(U62,$U$5:$U$104,) -> 1 | W62: ='[6]Term 1'!$N$62 -> 0 | X62: ='[6]Term 1'!$P$62 -> 0 | Y62: =SUM(W62,X62) -> 0 | Z62: =_xlfn.RANK.EQ(Y62,$Y$5:$Y$104,) -> 1 | AA62: ='[7]Term 1'!$N$62 -> 0 | AB62: ='[7]Term 1'!$P$62 -> 0 | AC62: =SUM(AA62,AB62) -> 0 | AD62: =_xlfn.RANK.EQ(AC62,$AC$5:$AC$104,) -> 1 | AE62: ='[8]Term 1'!$N$62 -> 0 | AF62: ='[8]Term 1'!$P$62 -> 0 | AG62: =SUM(AE62,AF62) -> 0 | AH62: =_xlfn.RANK.EQ(AG62,$AG$5:$AG$104,) -> 1 | AI62: ='[9]Term 1'!$N$62 -> 0 | AJ62: ='[9]Term 1'!$P$62 -> 0 | AK62: =SUM(AI62,AJ62) -> 0 | AL62: =_xlfn.RANK.EQ(AK62,$AK$5:$AK$104,) -> 1 | AM62: ='[10]Term 1'!$N$62 -> 0 | AN62: ='[10]Term 1'!$P$62 -> 0 | AO62: =SUM(AM62,AN62) -> 0 | AP62: =_xlfn.RANK.EQ(AO62,$AO$5:$AO$104,) -> 1 | AQ62: =SUM(E62,I62,M62,Q62,U62,Y62,AC62,AG62,AK62,AO62) -> 0 | AR62: =_xlfn.RANK.EQ(AQ62,$AQ$5:$AQ$104,) -> 4 | AS62: ±
A63: P059 | C63: ='[1]Term 1'!$N$63 -> 0 | D63: ='[1]Term 1'!$P63 -> 0 | E63: =SUM(C63,D63) -> 0 | F63: =_xlfn.RANK.EQ(E63,$E$5:$E$104,) -> 4 | G63: ='[2]Term 1'!$N$63 -> 0 | H63: ='[2]Term 1'!$P$63 -> 0 | I63: =SUM(G63,H63) -> 0 | J63: =_xlfn.RANK.EQ(I63,$I$5:$I$104,) -> 1 | K63: ='[3]Term 1'!$N$63 -> 0 | L63: ='[3]Term 1'!$P$63 -> 0 | M63: =SUM(K63,L63) -> 0 | N63: =_xlfn.RANK.EQ(M63,$M$5:$M$104,) -> 1 | O63: ='[4]Term 1'!$N$63 -> 0 | P63: ='[4]Term 1'!$P$63 -> 0 | Q63: =SUM(O63,P63) -> 0 | R63: =_xlfn.RANK.EQ(Q63,$Q$5:$Q$104,) -> 1 | S63: ='[5]Term 1'!$N$63 -> 0 | T63: ='[5]Term 1'!$P$63 -> 0 | U63: =SUM(S63,T63) -> 0 | V63: =_xlfn.RANK.EQ(U63,$U$5:$U$104,) -> 1 | W63: ='[6]Term 1'!$N$63 -> 0 | X63: ='[6]Term 1'!$P$63 -> 0 | Y63: =SUM(W63,X63) -> 0 | Z63: =_xlfn.RANK.EQ(Y63,$Y$5:$Y$104,) -> 1 | AA63: ='[7]Term 1'!$N$63 -> 0 | AB63: ='[7]Term 1'!$P$63 -> 0 | AC63: =SUM(AA63,AB63) -> 0 | AD63: =_xlfn.RANK.EQ(AC63,$AC$5:$AC$104,) -> 1 | AE63: ='[8]Term 1'!$N$63 -> 0 | AF63: ='[8]Term 1'!$P$63 -> 0 | AG63: =SUM(AE63,AF63) -> 0 | AH63: =_xlfn.RANK.EQ(AG63,$AG$5:$AG$104,) -> 1 | AI63: ='[9]Term 1'!$N$63 -> 0 | AJ63: ='[9]Term 1'!$P$63 -> 0 | AK63: =SUM(AI63,AJ63) -> 0 | AL63: =_xlfn.RANK.EQ(AK63,$AK$5:$AK$104,) -> 1 | AM63: ='[10]Term 1'!$N$63 -> 0 | AN63: ='[10]Term 1'!$P$63 -> 0 | AO63: =SUM(AM63,AN63) -> 0 | AP63: =_xlfn.RANK.EQ(AO63,$AO$5:$AO$104,) -> 1 | AQ63: =SUM(E63,I63,M63,Q63,U63,Y63,AC63,AG63,AK63,AO63) -> 0 | AR63: =_xlfn.RANK.EQ(AQ63,$AQ$5:$AQ$104,) -> 4 | AS63: ±
A64: P060 | C64: ='[1]Term 1'!$N$64 -> 0 | D64: ='[1]Term 1'!$P64 -> 0 | E64: =SUM(C64,D64) -> 0 | F64: =_xlfn.RANK.EQ(E64,$E$5:$E$104,) -> 4 | G64: ='[2]Term 1'!$N$64 -> 0 | H64: ='[2]Term 1'!$P$64 -> 0 | I64: =SUM(G64,H64) -> 0 | J64: =_xlfn.RANK.EQ(I64,$I$5:$I$104,) -> 1 | K64: ='[3]Term 1'!$N$64 -> 0 | L64: ='[3]Term 1'!$P$64 -> 0 | M64: =SUM(K64,L64) -> 0 | N64: =_xlfn.RANK.EQ(M64,$M$5:$M$104,) -> 1 | O64: ='[4]Term 1'!$N$64 -> 0 | P64: ='[4]Term 1'!$P$64 -> 0 | Q64: =SUM(O64,P64) -> 0 | R64: =_xlfn.RANK.EQ(Q64,$Q$5:$Q$104,) -> 1 | S64: ='[5]Term 1'!$N$64 -> 0 | T64: ='[5]Term 1'!$P$64 -> 0 | U64: =SUM(S64,T64) -> 0 | V64: =_xlfn.RANK.EQ(U64,$U$5:$U$104,) -> 1 | W64: ='[6]Term 1'!$N$64 -> 0 | X64: ='[6]Term 1'!$P$64 -> 0 | Y64: =SUM(W64,X64) -> 0 | Z64: =_xlfn.RANK.EQ(Y64,$Y$5:$Y$104,) -> 1 | AA64: ='[7]Term 1'!$N$64 -> 0 | AB64: ='[7]Term 1'!$P$64 -> 0 | AC64: =SUM(AA64,AB64) -> 0 | AD64: =_xlfn.RANK.EQ(AC64,$AC$5:$AC$104,) -> 1 | AE64: ='[8]Term 1'!$N$64 -> 0 | AF64: ='[8]Term 1'!$P$64 -> 0 | AG64: =SUM(AE64,AF64) -> 0 | AH64: =_xlfn.RANK.EQ(AG64,$AG$5:$AG$104,) -> 1 | AI64: ='[9]Term 1'!$N$64 -> 0 | AJ64: ='[9]Term 1'!$P$64 -> 0 | AK64: =SUM(AI64,AJ64) -> 0 | AL64: =_xlfn.RANK.EQ(AK64,$AK$5:$AK$104,) -> 1 | AM64: ='[10]Term 1'!$N$64 -> 0 | AN64: ='[10]Term 1'!$P$64 -> 0 | AO64: =SUM(AM64,AN64) -> 0 | AP64: =_xlfn.RANK.EQ(AO64,$AO$5:$AO$104,) -> 1 | AQ64: =SUM(E64,I64,M64,Q64,U64,Y64,AC64,AG64,AK64,AO64) -> 0 | AR64: =_xlfn.RANK.EQ(AQ64,$AQ$5:$AQ$104,) -> 4 | AS64: ±
A65: P061 | C65: ='[1]Term 1'!$N$65 -> 0 | D65: ='[1]Term 1'!$P65 -> 0 | E65: =SUM(C65,D65) -> 0 | F65: =_xlfn.RANK.EQ(E65,$E$5:$E$104,) -> 4 | G65: ='[2]Term 1'!$N$65 -> 0 | H65: ='[2]Term 1'!$P$65 -> 0 | I65: =SUM(G65,H65) -> 0 | J65: =_xlfn.RANK.EQ(I65,$I$5:$I$104,) -> 1 | K65: ='[3]Term 1'!$N$65 -> 0 | L65: ='[3]Term 1'!$P$65 -> 0 | M65: =SUM(K65,L65) -> 0 | N65: =_xlfn.RANK.EQ(M65,$M$5:$M$104,) -> 1 | O65: ='[4]Term 1'!$N$65 -> 0 | P65: ='[4]Term 1'!$P$65 -> 0 | Q65: =SUM(O65,P65) -> 0 | R65: =_xlfn.RANK.EQ(Q65,$Q$5:$Q$104,) -> 1 | S65: ='[5]Term 1'!$N$65 -> 0 | T65: ='[5]Term 1'!$P$65 -> 0 | U65: =SUM(S65,T65) -> 0 | V65: =_xlfn.RANK.EQ(U65,$U$5:$U$104,) -> 1 | W65: ='[6]Term 1'!$N$65 -> 0 | X65: ='[6]Term 1'!$P$65 -> 0 | Y65: =SUM(W65,X65) -> 0 | Z65: =_xlfn.RANK.EQ(Y65,$Y$5:$Y$104,) -> 1 | AA65: ='[7]Term 1'!$N$65 -> 0 | AB65: ='[7]Term 1'!$P$65 -> 0 | AC65: =SUM(AA65,AB65) -> 0 | AD65: =_xlfn.RANK.EQ(AC65,$AC$5:$AC$104,) -> 1 | AE65: ='[8]Term 1'!$N$65 -> 0 | AF65: ='[8]Term 1'!$P$65 -> 0 | AG65: =SUM(AE65,AF65) -> 0 | AH65: =_xlfn.RANK.EQ(AG65,$AG$5:$AG$104,) -> 1 | AI65: ='[9]Term 1'!$N$65 -> 0 | AJ65: ='[9]Term 1'!$P$65 -> 0 | AK65: =SUM(AI65,AJ65) -> 0 | AL65: =_xlfn.RANK.EQ(AK65,$AK$5:$AK$104,) -> 1 | AM65: ='[10]Term 1'!$N$65 -> 0 | AN65: ='[10]Term 1'!$P$65 -> 0 | AO65: =SUM(AM65,AN65) -> 0 | AP65: =_xlfn.RANK.EQ(AO65,$AO$5:$AO$104,) -> 1 | AQ65: =SUM(E65,I65,M65,Q65,U65,Y65,AC65,AG65,AK65,AO65) -> 0 | AR65: =_xlfn.RANK.EQ(AQ65,$AQ$5:$AQ$104,) -> 4 | AS65: ±
A66: P062 | C66: ='[1]Term 1'!$N$66 -> 0 | D66: ='[1]Term 1'!$P66 -> 0 | E66: =SUM(C66,D66) -> 0 | F66: =_xlfn.RANK.EQ(E66,$E$5:$E$104,) -> 4 | G66: ='[2]Term 1'!$N$66 -> 0 | H66: ='[2]Term 1'!$P$66 -> 0 | I66: =SUM(G66,H66) -> 0 | J66: =_xlfn.RANK.EQ(I66,$I$5:$I$104,) -> 1 | K66: ='[3]Term 1'!$N$66 -> 0 | L66: ='[3]Term 1'!$P$66 -> 0 | M66: =SUM(K66,L66) -> 0 | N66: =_xlfn.RANK.EQ(M66,$M$5:$M$104,) -> 1 | O66: ='[4]Term 1'!$N$66 -> 0 | P66: ='[4]Term 1'!$P$66 -> 0 | Q66: =SUM(O66,P66) -> 0 | R66: =_xlfn.RANK.EQ(Q66,$Q$5:$Q$104,) -> 1 | S66: ='[5]Term 1'!$N$66 -> 0 | T66: ='[5]Term 1'!$P$66 -> 0 | U66: =SUM(S66,T66) -> 0 | V66: =_xlfn.RANK.EQ(U66,$U$5:$U$104,) -> 1 | W66: ='[6]Term 1'!$N$66 -> 0 | X66: ='[6]Term 1'!$P$66 -> 0 | Y66: =SUM(W66,X66) -> 0 | Z66: =_xlfn.RANK.EQ(Y66,$Y$5:$Y$104,) -> 1 | AA66: ='[7]Term 1'!$N$66 -> 0 | AB66: ='[7]Term 1'!$P$66 -> 0 | AC66: =SUM(AA66,AB66) -> 0 | AD66: =_xlfn.RANK.EQ(AC66,$AC$5:$AC$104,) -> 1 | AE66: ='[8]Term 1'!$N$66 -> 0 | AF66: ='[8]Term 1'!$P$66 -> 0 | AG66: =SUM(AE66,AF66) -> 0 | AH66: =_xlfn.RANK.EQ(AG66,$AG$5:$AG$104,) -> 1 | AI66: ='[9]Term 1'!$N$66 -> 0 | AJ66: ='[9]Term 1'!$P$66 -> 0 | AK66: =SUM(AI66,AJ66) -> 0 | AL66: =_xlfn.RANK.EQ(AK66,$AK$5:$AK$104,) -> 1 | AM66: ='[10]Term 1'!$N$66 -> 0 | AN66: ='[10]Term 1'!$P$66 -> 0 | AO66: =SUM(AM66,AN66) -> 0 | AP66: =_xlfn.RANK.EQ(AO66,$AO$5:$AO$104,) -> 1 | AQ66: =SUM(E66,I66,M66,Q66,U66,Y66,AC66,AG66,AK66,AO66) -> 0 | AR66: =_xlfn.RANK.EQ(AQ66,$AQ$5:$AQ$104,) -> 4 | AS66: ±
A67: P063 | C67: ='[1]Term 1'!$N$67 -> 0 | D67: ='[1]Term 1'!$P67 -> 0 | E67: =SUM(C67,D67) -> 0 | F67: =_xlfn.RANK.EQ(E67,$E$5:$E$104,) -> 4 | G67: ='[2]Term 1'!$N$67 -> 0 | H67: ='[2]Term 1'!$P$67 -> 0 | I67: =SUM(G67,H67) -> 0 | J67: =_xlfn.RANK.EQ(I67,$I$5:$I$104,) -> 1 | K67: ='[3]Term 1'!$N$67 -> 0 | L67: ='[3]Term 1'!$P$67 -> 0 | M67: =SUM(K67,L67) -> 0 | N67: =_xlfn.RANK.EQ(M67,$M$5:$M$104,) -> 1 | O67: ='[4]Term 1'!$N$67 -> 0 | P67: ='[4]Term 1'!$P$67 -> 0 | Q67: =SUM(O67,P67) -> 0 | R67: =_xlfn.RANK.EQ(Q67,$Q$5:$Q$104,) -> 1 | S67: ='[5]Term 1'!$N$67 -> 0 | T67: ='[5]Term 1'!$P$67 -> 0 | U67: =SUM(S67,T67) -> 0 | V67: =_xlfn.RANK.EQ(U67,$U$5:$U$104,) -> 1 | W67: ='[6]Term 1'!$N$67 -> 0 | X67: ='[6]Term 1'!$P$67 -> 0 | Y67: =SUM(W67,X67) -> 0 | Z67: =_xlfn.RANK.EQ(Y67,$Y$5:$Y$104,) -> 1 | AA67: ='[7]Term 1'!$N$67 -> 0 | AB67: ='[7]Term 1'!$P$67 -> 0 | AC67: =SUM(AA67,AB67) -> 0 | AD67: =_xlfn.RANK.EQ(AC67,$AC$5:$AC$104,) -> 1 | AE67: ='[8]Term 1'!$N$67 -> 0 | AF67: ='[8]Term 1'!$P$67 -> 0 | AG67: =SUM(AE67,AF67) -> 0 | AH67: =_xlfn.RANK.EQ(AG67,$AG$5:$AG$104,) -> 1 | AI67: ='[9]Term 1'!$N$67 -> 0 | AJ67: ='[9]Term 1'!$P$67 -> 0 | AK67: =SUM(AI67,AJ67) -> 0 | AL67: =_xlfn.RANK.EQ(AK67,$AK$5:$AK$104,) -> 1 | AM67: ='[10]Term 1'!$N$67 -> 0 | AN67: ='[10]Term 1'!$P$67 -> 0 | AO67: =SUM(AM67,AN67) -> 0 | AP67: =_xlfn.RANK.EQ(AO67,$AO$5:$AO$104,) -> 1 | AQ67: =SUM(E67,I67,M67,Q67,U67,Y67,AC67,AG67,AK67,AO67) -> 0 | AR67: =_xlfn.RANK.EQ(AQ67,$AQ$5:$AQ$104,) -> 4 | AS67: ±
A68: P064 | C68: ='[1]Term 1'!$N$68 -> 0 | D68: ='[1]Term 1'!$P68 -> 0 | E68: =SUM(C68,D68) -> 0 | F68: =_xlfn.RANK.EQ(E68,$E$5:$E$104,) -> 4 | G68: ='[2]Term 1'!$N$68 -> 0 | H68: ='[2]Term 1'!$P$68 -> 0 | I68: =SUM(G68,H68) -> 0 | J68: =_xlfn.RANK.EQ(I68,$I$5:$I$104,) -> 1 | K68: ='[3]Term 1'!$N$68 -> 0 | L68: ='[3]Term 1'!$P$68 -> 0 | M68: =SUM(K68,L68) -> 0 | N68: =_xlfn.RANK.EQ(M68,$M$5:$M$104,) -> 1 | O68: ='[4]Term 1'!$N$68 -> 0 | P68: ='[4]Term 1'!$P$68 -> 0 | Q68: =SUM(O68,P68) -> 0 | R68: =_xlfn.RANK.EQ(Q68,$Q$5:$Q$104,) -> 1 | S68: ='[5]Term 1'!$N$68 -> 0 | T68: ='[5]Term 1'!$P$68 -> 0 | U68: =SUM(S68,T68) -> 0 | V68: =_xlfn.RANK.EQ(U68,$U$5:$U$104,) -> 1 | W68: ='[6]Term 1'!$N$68 -> 0 | X68: ='[6]Term 1'!$P$68 -> 0 | Y68: =SUM(W68,X68) -> 0 | Z68: =_xlfn.RANK.EQ(Y68,$Y$5:$Y$104,) -> 1 | AA68: ='[7]Term 1'!$N$68 -> 0 | AB68: ='[7]Term 1'!$P$68 -> 0 | AC68: =SUM(AA68,AB68) -> 0 | AD68: =_xlfn.RANK.EQ(AC68,$AC$5:$AC$104,) -> 1 | AE68: ='[8]Term 1'!$N$68 -> 0 | AF68: ='[8]Term 1'!$P$68 -> 0 | AG68: =SUM(AE68,AF68) -> 0 | AH68: =_xlfn.RANK.EQ(AG68,$AG$5:$AG$104,) -> 1 | AI68: ='[9]Term 1'!$N$68 -> 0 | AJ68: ='[9]Term 1'!$P$68 -> 0 | AK68: =SUM(AI68,AJ68) -> 0 | AL68: =_xlfn.RANK.EQ(AK68,$AK$5:$AK$104,) -> 1 | AM68: ='[10]Term 1'!$N$68 -> 0 | AN68: ='[10]Term 1'!$P$68 -> 0 | AO68: =SUM(AM68,AN68) -> 0 | AP68: =_xlfn.RANK.EQ(AO68,$AO$5:$AO$104,) -> 1 | AQ68: =SUM(E68,I68,M68,Q68,U68,Y68,AC68,AG68,AK68,AO68) -> 0 | AR68: =_xlfn.RANK.EQ(AQ68,$AQ$5:$AQ$104,) -> 4 | AS68: ±
A69: P065 | C69: ='[1]Term 1'!$N$69 -> 0 | D69: ='[1]Term 1'!$P69 -> 0 | E69: =SUM(C69,D69) -> 0 | F69: =_xlfn.RANK.EQ(E69,$E$5:$E$104,) -> 4 | G69: ='[2]Term 1'!$N$69 -> 0 | H69: ='[2]Term 1'!$P$69 -> 0 | I69: =SUM(G69,H69) -> 0 | J69: =_xlfn.RANK.EQ(I69,$I$5:$I$104,) -> 1 | K69: ='[3]Term 1'!$N$69 -> 0 | L69: ='[3]Term 1'!$P$69 -> 0 | M69: =SUM(K69,L69) -> 0 | N69: =_xlfn.RANK.EQ(M69,$M$5:$M$104,) -> 1 | O69: ='[4]Term 1'!$N$69 -> 0 | P69: ='[4]Term 1'!$P$69 -> 0 | Q69: =SUM(O69,P69) -> 0 | R69: =_xlfn.RANK.EQ(Q69,$Q$5:$Q$104,) -> 1 | S69: ='[5]Term 1'!$N$69 -> 0 | T69: ='[5]Term 1'!$P$69 -> 0 | U69: =SUM(S69,T69) -> 0 | V69: =_xlfn.RANK.EQ(U69,$U$5:$U$104,) -> 1 | W69: ='[6]Term 1'!$N$69 -> 0 | X69: ='[6]Term 1'!$P$69 -> 0 | Y69: =SUM(W69,X69) -> 0 | Z69: =_xlfn.RANK.EQ(Y69,$Y$5:$Y$104,) -> 1 | AA69: ='[7]Term 1'!$N$69 -> 0 | AB69: ='[7]Term 1'!$P$69 -> 0 | AC69: =SUM(AA69,AB69) -> 0 | AD69: =_xlfn.RANK.EQ(AC69,$AC$5:$AC$104,) -> 1 | AE69: ='[8]Term 1'!$N$69 -> 0 | AF69: ='[8]Term 1'!$P$69 -> 0 | AG69: =SUM(AE69,AF69) -> 0 | AH69: =_xlfn.RANK.EQ(AG69,$AG$5:$AG$104,) -> 1 | AI69: ='[9]Term 1'!$N$69 -> 0 | AJ69: ='[9]Term 1'!$P$69 -> 0 | AK69: =SUM(AI69,AJ69) -> 0 | AL69: =_xlfn.RANK.EQ(AK69,$AK$5:$AK$104,) -> 1 | AM69: ='[10]Term 1'!$N$69 -> 0 | AN69: ='[10]Term 1'!$P$69 -> 0 | AO69: =SUM(AM69,AN69) -> 0 | AP69: =_xlfn.RANK.EQ(AO69,$AO$5:$AO$104,) -> 1 | AQ69: =SUM(E69,I69,M69,Q69,U69,Y69,AC69,AG69,AK69,AO69) -> 0 | AR69: =_xlfn.RANK.EQ(AQ69,$AQ$5:$AQ$104,) -> 4 | AS69: ±
A70: P066 | C70: ='[1]Term 1'!$N$70 -> 0 | D70: ='[1]Term 1'!$P70 -> 0 | E70: =SUM(C70,D70) -> 0 | F70: =_xlfn.RANK.EQ(E70,$E$5:$E$104,) -> 4 | G70: ='[2]Term 1'!$N$70 -> 0 | H70: ='[2]Term 1'!$P$70 -> 0 | I70: =SUM(G70,H70) -> 0 | J70: =_xlfn.RANK.EQ(I70,$I$5:$I$104,) -> 1 | K70: ='[3]Term 1'!$N$70 -> 0 | L70: ='[3]Term 1'!$P$70 -> 0 | M70: =SUM(K70,L70) -> 0 | N70: =_xlfn.RANK.EQ(M70,$M$5:$M$104,) -> 1 | O70: ='[4]Term 1'!$N$70 -> 0 | P70: ='[4]Term 1'!$P$70 -> 0 | Q70: =SUM(O70,P70) -> 0 | R70: =_xlfn.RANK.EQ(Q70,$Q$5:$Q$104,) -> 1 | S70: ='[5]Term 1'!$N$70 -> 0 | T70: ='[5]Term 1'!$P$70 -> 0 | U70: =SUM(S70,T70) -> 0 | V70: =_xlfn.RANK.EQ(U70,$U$5:$U$104,) -> 1 | W70: ='[6]Term 1'!$N$70 -> 0 | X70: ='[6]Term 1'!$P$70 -> 0 | Y70: =SUM(W70,X70) -> 0 | Z70: =_xlfn.RANK.EQ(Y70,$Y$5:$Y$104,) -> 1 | AA70: ='[7]Term 1'!$N$70 -> 0 | AB70: ='[7]Term 1'!$P$70 -> 0 | AC70: =SUM(AA70,AB70) -> 0 | AD70: =_xlfn.RANK.EQ(AC70,$AC$5:$AC$104,) -> 1 | AE70: ='[8]Term 1'!$N$70 -> 0 | AF70: ='[8]Term 1'!$P$70 -> 0 | AG70: =SUM(AE70,AF70) -> 0 | AH70: =_xlfn.RANK.EQ(AG70,$AG$5:$AG$104,) -> 1 | AI70: ='[9]Term 1'!$N$70 -> 0 | AJ70: ='[9]Term 1'!$P$70 -> 0 | AK70: =SUM(AI70,AJ70) -> 0 | AL70: =_xlfn.RANK.EQ(AK70,$AK$5:$AK$104,) -> 1 | AM70: ='[10]Term 1'!$N$70 -> 0 | AN70: ='[10]Term 1'!$P$70 -> 0 | AO70: =SUM(AM70,AN70) -> 0 | AP70: =_xlfn.RANK.EQ(AO70,$AO$5:$AO$104,) -> 1 | AQ70: =SUM(E70,I70,M70,Q70,U70,Y70,AC70,AG70,AK70,AO70) -> 0 | AR70: =_xlfn.RANK.EQ(AQ70,$AQ$5:$AQ$104,) -> 4 | AS70: ±
A71: P067 | C71: ='[1]Term 1'!$N$71 -> 0 | D71: ='[1]Term 1'!$P71 -> 0 | E71: =SUM(C71,D71) -> 0 | F71: =_xlfn.RANK.EQ(E71,$E$5:$E$104,) -> 4 | G71: ='[2]Term 1'!$N$71 -> 0 | H71: ='[2]Term 1'!$P$71 -> 0 | I71: =SUM(G71,H71) -> 0 | J71: =_xlfn.RANK.EQ(I71,$I$5:$I$104,) -> 1 | K71: ='[3]Term 1'!$N$71 -> 0 | L71: ='[3]Term 1'!$P$71 -> 0 | M71: =SUM(K71,L71) -> 0 | N71: =_xlfn.RANK.EQ(M71,$M$5:$M$104,) -> 1 | O71: ='[4]Term 1'!$N$71 -> 0 | P71: ='[4]Term 1'!$P$71 -> 0 | Q71: =SUM(O71,P71) -> 0 | R71: =_xlfn.RANK.EQ(Q71,$Q$5:$Q$104,) -> 1 | S71: ='[5]Term 1'!$N$71 -> 0 | T71: ='[5]Term 1'!$P$71 -> 0 | U71: =SUM(S71,T71) -> 0 | V71: =_xlfn.RANK.EQ(U71,$U$5:$U$104,) -> 1 | W71: ='[6]Term 1'!$N$71 -> 0 | X71: ='[6]Term 1'!$P$71 -> 0 | Y71: =SUM(W71,X71) -> 0 | Z71: =_xlfn.RANK.EQ(Y71,$Y$5:$Y$104,) -> 1 | AA71: ='[7]Term 1'!$N$71 -> 0 | AB71: ='[7]Term 1'!$P$71 -> 0 | AC71: =SUM(AA71,AB71) -> 0 | AD71: =_xlfn.RANK.EQ(AC71,$AC$5:$AC$104,) -> 1 | AE71: ='[8]Term 1'!$N$71 -> 0 | AF71: ='[8]Term 1'!$P$71 -> 0 | AG71: =SUM(AE71,AF71) -> 0 | AH71: =_xlfn.RANK.EQ(AG71,$AG$5:$AG$104,) -> 1 | AI71: ='[9]Term 1'!$N$71 -> 0 | AJ71: ='[9]Term 1'!$P$71 -> 0 | AK71: =SUM(AI71,AJ71) -> 0 | AL71: =_xlfn.RANK.EQ(AK71,$AK$5:$AK$104,) -> 1 | AM71: ='[10]Term 1'!$N$71 -> 0 | AN71: ='[10]Term 1'!$P$71 -> 0 | AO71: =SUM(AM71,AN71) -> 0 | AP71: =_xlfn.RANK.EQ(AO71,$AO$5:$AO$104,) -> 1 | AQ71: =SUM(E71,I71,M71,Q71,U71,Y71,AC71,AG71,AK71,AO71) -> 0 | AR71: =_xlfn.RANK.EQ(AQ71,$AQ$5:$AQ$104,) -> 4 | AS71: ±
A72: P068 | C72: ='[1]Term 1'!$N$72 -> 0 | D72: ='[1]Term 1'!$P72 -> 0 | E72: =SUM(C72,D72) -> 0 | F72: =_xlfn.RANK.EQ(E72,$E$5:$E$104,) -> 4 | G72: ='[2]Term 1'!$N$72 -> 0 | H72: ='[2]Term 1'!$P$72 -> 0 | I72: =SUM(G72,H72) -> 0 | J72: =_xlfn.RANK.EQ(I72,$I$5:$I$104,) -> 1 | K72: ='[3]Term 1'!$N$72 -> 0 | L72: ='[3]Term 1'!$P$72 -> 0 | M72: =SUM(K72,L72) -> 0 | N72: =_xlfn.RANK.EQ(M72,$M$5:$M$104,) -> 1 | O72: ='[4]Term 1'!$N$72 -> 0 | P72: ='[4]Term 1'!$P$72 -> 0 | Q72: =SUM(O72,P72) -> 0 | R72: =_xlfn.RANK.EQ(Q72,$Q$5:$Q$104,) -> 1 | S72: ='[5]Term 1'!$N$72 -> 0 | T72: ='[5]Term 1'!$P$72 -> 0 | U72: =SUM(S72,T72) -> 0 | V72: =_xlfn.RANK.EQ(U72,$U$5:$U$104,) -> 1 | W72: ='[6]Term 1'!$N$72 -> 0 | X72: ='[6]Term 1'!$P$72 -> 0 | Y72: =SUM(W72,X72) -> 0 | Z72: =_xlfn.RANK.EQ(Y72,$Y$5:$Y$104,) -> 1 | AA72: ='[7]Term 1'!$N$72 -> 0 | AB72: ='[7]Term 1'!$P$72 -> 0 | AC72: =SUM(AA72,AB72) -> 0 | AD72: =_xlfn.RANK.EQ(AC72,$AC$5:$AC$104,) -> 1 | AE72: ='[8]Term 1'!$N$72 -> 0 | AF72: ='[8]Term 1'!$P$72 -> 0 | AG72: =SUM(AE72,AF72) -> 0 | AH72: =_xlfn.RANK.EQ(AG72,$AG$5:$AG$104,) -> 1 | AI72: ='[9]Term 1'!$N$72 -> 0 | AJ72: ='[9]Term 1'!$P$72 -> 0 | AK72: =SUM(AI72,AJ72) -> 0 | AL72: =_xlfn.RANK.EQ(AK72,$AK$5:$AK$104,) -> 1 | AM72: ='[10]Term 1'!$N$72 -> 0 | AN72: ='[10]Term 1'!$P$72 -> 0 | AO72: =SUM(AM72,AN72) -> 0 | AP72: =_xlfn.RANK.EQ(AO72,$AO$5:$AO$104,) -> 1 | AQ72: =SUM(E72,I72,M72,Q72,U72,Y72,AC72,AG72,AK72,AO72) -> 0 | AR72: =_xlfn.RANK.EQ(AQ72,$AQ$5:$AQ$104,) -> 4 | AS72: ±
A73: P069 | C73: ='[1]Term 1'!$N$73 -> 0 | D73: ='[1]Term 1'!$P73 -> 0 | E73: =SUM(C73,D73) -> 0 | F73: =_xlfn.RANK.EQ(E73,$E$5:$E$104,) -> 4 | G73: ='[2]Term 1'!$N$73 -> 0 | H73: ='[2]Term 1'!$P$73 -> 0 | I73: =SUM(G73,H73) -> 0 | J73: =_xlfn.RANK.EQ(I73,$I$5:$I$104,) -> 1 | K73: ='[3]Term 1'!$N$73 -> 0 | L73: ='[3]Term 1'!$P$73 -> 0 | M73: =SUM(K73,L73) -> 0 | N73: =_xlfn.RANK.EQ(M73,$M$5:$M$104,) -> 1 | O73: ='[4]Term 1'!$N$73 -> 0 | P73: ='[4]Term 1'!$P$73 -> 0 | Q73: =SUM(O73,P73) -> 0 | R73: =_xlfn.RANK.EQ(Q73,$Q$5:$Q$104,) -> 1 | S73: ='[5]Term 1'!$N$73 -> 0 | T73: ='[5]Term 1'!$P$73 -> 0 | U73: =SUM(S73,T73) -> 0 | V73: =_xlfn.RANK.EQ(U73,$U$5:$U$104,) -> 1 | W73: ='[6]Term 1'!$N$73 -> 0 | X73: ='[6]Term 1'!$P$73 -> 0 | Y73: =SUM(W73,X73) -> 0 | Z73: =_xlfn.RANK.EQ(Y73,$Y$5:$Y$104,) -> 1 | AA73: ='[7]Term 1'!$N$73 -> 0 | AB73: ='[7]Term 1'!$P$73 -> 0 | AC73: =SUM(AA73,AB73) -> 0 | AD73: =_xlfn.RANK.EQ(AC73,$AC$5:$AC$104,) -> 1 | AE73: ='[8]Term 1'!$N$73 -> 0 | AF73: ='[8]Term 1'!$P$73 -> 0 | AG73: =SUM(AE73,AF73) -> 0 | AH73: =_xlfn.RANK.EQ(AG73,$AG$5:$AG$104,) -> 1 | AI73: ='[9]Term 1'!$N$73 -> 0 | AJ73: ='[9]Term 1'!$P$73 -> 0 | AK73: =SUM(AI73,AJ73) -> 0 | AL73: =_xlfn.RANK.EQ(AK73,$AK$5:$AK$104,) -> 1 | AM73: ='[10]Term 1'!$N$73 -> 0 | AN73: ='[10]Term 1'!$P$73 -> 0 | AO73: =SUM(AM73,AN73) -> 0 | AP73: =_xlfn.RANK.EQ(AO73,$AO$5:$AO$104,) -> 1 | AQ73: =SUM(E73,I73,M73,Q73,U73,Y73,AC73,AG73,AK73,AO73) -> 0 | AR73: =_xlfn.RANK.EQ(AQ73,$AQ$5:$AQ$104,) -> 4 | AS73: ±
A74: P070 | C74: ='[1]Term 1'!$N$74 -> 0 | D74: ='[1]Term 1'!$P74 -> 0 | E74: =SUM(C74,D74) -> 0 | F74: =_xlfn.RANK.EQ(E74,$E$5:$E$104,) -> 4 | G74: ='[2]Term 1'!$N$74 -> 0 | H74: ='[2]Term 1'!$P$74 -> 0 | I74: =SUM(G74,H74) -> 0 | J74: =_xlfn.RANK.EQ(I74,$I$5:$I$104,) -> 1 | K74: ='[3]Term 1'!$N$74 -> 0 | L74: ='[3]Term 1'!$P$74 -> 0 | M74: =SUM(K74,L74) -> 0 | N74: =_xlfn.RANK.EQ(M74,$M$5:$M$104,) -> 1 | O74: ='[4]Term 1'!$N$74 -> 0 | P74: ='[4]Term 1'!$P$74 -> 0 | Q74: =SUM(O74,P74) -> 0 | R74: =_xlfn.RANK.EQ(Q74,$Q$5:$Q$104,) -> 1 | S74: ='[5]Term 1'!$N$74 -> 0 | T74: ='[5]Term 1'!$P$74 -> 0 | U74: =SUM(S74,T74) -> 0 | V74: =_xlfn.RANK.EQ(U74,$U$5:$U$104,) -> 1 | W74: ='[6]Term 1'!$N$74 -> 0 | X74: ='[6]Term 1'!$P$74 -> 0 | Y74: =SUM(W74,X74) -> 0 | Z74: =_xlfn.RANK.EQ(Y74,$Y$5:$Y$104,) -> 1 | AA74: ='[7]Term 1'!$N$74 -> 0 | AB74: ='[7]Term 1'!$P$74 -> 0 | AC74: =SUM(AA74,AB74) -> 0 | AD74: =_xlfn.RANK.EQ(AC74,$AC$5:$AC$104,) -> 1 | AE74: ='[8]Term 1'!$N$74 -> 0 | AF74: ='[8]Term 1'!$P$74 -> 0 | AG74: =SUM(AE74,AF74) -> 0 | AH74: =_xlfn.RANK.EQ(AG74,$AG$5:$AG$104,) -> 1 | AI74: ='[9]Term 1'!$N$74 -> 0 | AJ74: ='[9]Term 1'!$P$74 -> 0 | AK74: =SUM(AI74,AJ74) -> 0 | AL74: =_xlfn.RANK.EQ(AK74,$AK$5:$AK$104,) -> 1 | AM74: ='[10]Term 1'!$N$74 -> 0 | AN74: ='[10]Term 1'!$P$74 -> 0 | AO74: =SUM(AM74,AN74) -> 0 | AP74: =_xlfn.RANK.EQ(AO74,$AO$5:$AO$104,) -> 1 | AQ74: =SUM(E74,I74,M74,Q74,U74,Y74,AC74,AG74,AK74,AO74) -> 0 | AR74: =_xlfn.RANK.EQ(AQ74,$AQ$5:$AQ$104,) -> 4 | AS74: ±
A75: P071 | C75: ='[1]Term 1'!$N$75 -> 0 | D75: ='[1]Term 1'!$P75 -> 0 | E75: =SUM(C75,D75) -> 0 | F75: =_xlfn.RANK.EQ(E75,$E$5:$E$104,) -> 4 | G75: ='[2]Term 1'!$N$75 -> 0 | H75: ='[2]Term 1'!$P$75 -> 0 | I75: =SUM(G75,H75) -> 0 | J75: =_xlfn.RANK.EQ(I75,$I$5:$I$104,) -> 1 | K75: ='[3]Term 1'!$N$75 -> 0 | L75: ='[3]Term 1'!$P$75 -> 0 | M75: =SUM(K75,L75) -> 0 | N75: =_xlfn.RANK.EQ(M75,$M$5:$M$104,) -> 1 | O75: ='[4]Term 1'!$N$75 -> 0 | P75: ='[4]Term 1'!$P$75 -> 0 | Q75: =SUM(O75,P75) -> 0 | R75: =_xlfn.RANK.EQ(Q75,$Q$5:$Q$104,) -> 1 | S75: ='[5]Term 1'!$N$75 -> 0 | T75: ='[5]Term 1'!$P$75 -> 0 | U75: =SUM(S75,T75) -> 0 | V75: =_xlfn.RANK.EQ(U75,$U$5:$U$104,) -> 1 | W75: ='[6]Term 1'!$N$75 -> 0 | X75: ='[6]Term 1'!$P$75 -> 0 | Y75: =SUM(W75,X75) -> 0 | Z75: =_xlfn.RANK.EQ(Y75,$Y$5:$Y$104,) -> 1 | AA75: ='[7]Term 1'!$N$75 -> 0 | AB75: ='[7]Term 1'!$P$75 -> 0 | AC75: =SUM(AA75,AB75) -> 0 | AD75: =_xlfn.RANK.EQ(AC75,$AC$5:$AC$104,) -> 1 | AE75: ='[8]Term 1'!$N$75 -> 0 | AF75: ='[8]Term 1'!$P$75 -> 0 | AG75: =SUM(AE75,AF75) -> 0 | AH75: =_xlfn.RANK.EQ(AG75,$AG$5:$AG$104,) -> 1 | AI75: ='[9]Term 1'!$N$75 -> 0 | AJ75: ='[9]Term 1'!$P$75 -> 0 | AK75: =SUM(AI75,AJ75) -> 0 | AL75: =_xlfn.RANK.EQ(AK75,$AK$5:$AK$104,) -> 1 | AM75: ='[10]Term 1'!$N$75 -> 0 | AN75: ='[10]Term 1'!$P$75 -> 0 | AO75: =SUM(AM75,AN75) -> 0 | AP75: =_xlfn.RANK.EQ(AO75,$AO$5:$AO$104,) -> 1 | AQ75: =SUM(E75,I75,M75,Q75,U75,Y75,AC75,AG75,AK75,AO75) -> 0 | AR75: =_xlfn.RANK.EQ(AQ75,$AQ$5:$AQ$104,) -> 4 | AS75: ±
A76: P072 | C76: ='[1]Term 1'!$N$76 -> 0 | D76: ='[1]Term 1'!$P76 -> 0 | E76: =SUM(C76,D76) -> 0 | F76: =_xlfn.RANK.EQ(E76,$E$5:$E$104,) -> 4 | G76: ='[2]Term 1'!$N$76 -> 0 | H76: ='[2]Term 1'!$P$76 -> 0 | I76: =SUM(G76,H76) -> 0 | J76: =_xlfn.RANK.EQ(I76,$I$5:$I$104,) -> 1 | K76: ='[3]Term 1'!$N$76 -> 0 | L76: ='[3]Term 1'!$P$76 -> 0 | M76: =SUM(K76,L76) -> 0 | N76: =_xlfn.RANK.EQ(M76,$M$5:$M$104,) -> 1 | O76: ='[4]Term 1'!$N$76 -> 0 | P76: ='[4]Term 1'!$P$76 -> 0 | Q76: =SUM(O76,P76) -> 0 | R76: =_xlfn.RANK.EQ(Q76,$Q$5:$Q$104,) -> 1 | S76: ='[5]Term 1'!$N$76 -> 0 | T76: ='[5]Term 1'!$P$76 -> 0 | U76: =SUM(S76,T76) -> 0 | V76: =_xlfn.RANK.EQ(U76,$U$5:$U$104,) -> 1 | W76: ='[6]Term 1'!$N$76 -> 0 | X76: ='[6]Term 1'!$P$76 -> 0 | Y76: =SUM(W76,X76) -> 0 | Z76: =_xlfn.RANK.EQ(Y76,$Y$5:$Y$104,) -> 1 | AA76: ='[7]Term 1'!$N$76 -> 0 | AB76: ='[7]Term 1'!$P$76 -> 0 | AC76: =SUM(AA76,AB76) -> 0 | AD76: =_xlfn.RANK.EQ(AC76,$AC$5:$AC$104,) -> 1 | AE76: ='[8]Term 1'!$N$76 -> 0 | AF76: ='[8]Term 1'!$P$76 -> 0 | AG76: =SUM(AE76,AF76) -> 0 | AH76: =_xlfn.RANK.EQ(AG76,$AG$5:$AG$104,) -> 1 | AI76: ='[9]Term 1'!$N$76 -> 0 | AJ76: ='[9]Term 1'!$P$76 -> 0 | AK76: =SUM(AI76,AJ76) -> 0 | AL76: =_xlfn.RANK.EQ(AK76,$AK$5:$AK$104,) -> 1 | AM76: ='[10]Term 1'!$N$76 -> 0 | AN76: ='[10]Term 1'!$P$76 -> 0 | AO76: =SUM(AM76,AN76) -> 0 | AP76: =_xlfn.RANK.EQ(AO76,$AO$5:$AO$104,) -> 1 | AQ76: =SUM(E76,I76,M76,Q76,U76,Y76,AC76,AG76,AK76,AO76) -> 0 | AR76: =_xlfn.RANK.EQ(AQ76,$AQ$5:$AQ$104,) -> 4 | AS76: ±
A77: P073 | C77: ='[1]Term 1'!$N$77 -> 0 | D77: ='[1]Term 1'!$P77 -> 0 | E77: =SUM(C77,D77) -> 0 | F77: =_xlfn.RANK.EQ(E77,$E$5:$E$104,) -> 4 | G77: ='[2]Term 1'!$N$77 -> 0 | H77: ='[2]Term 1'!$P$77 -> 0 | I77: =SUM(G77,H77) -> 0 | J77: =_xlfn.RANK.EQ(I77,$I$5:$I$104,) -> 1 | K77: ='[3]Term 1'!$N$77 -> 0 | L77: ='[3]Term 1'!$P$77 -> 0 | M77: =SUM(K77,L77) -> 0 | N77: =_xlfn.RANK.EQ(M77,$M$5:$M$104,) -> 1 | O77: ='[4]Term 1'!$N$77 -> 0 | P77: ='[4]Term 1'!$P$77 -> 0 | Q77: =SUM(O77,P77) -> 0 | R77: =_xlfn.RANK.EQ(Q77,$Q$5:$Q$104,) -> 1 | S77: ='[5]Term 1'!$N$77 -> 0 | T77: ='[5]Term 1'!$P$77 -> 0 | U77: =SUM(S77,T77) -> 0 | V77: =_xlfn.RANK.EQ(U77,$U$5:$U$104,) -> 1 | W77: ='[6]Term 1'!$N$77 -> 0 | X77: ='[6]Term 1'!$P$77 -> 0 | Y77: =SUM(W77,X77) -> 0 | Z77: =_xlfn.RANK.EQ(Y77,$Y$5:$Y$104,) -> 1 | AA77: ='[7]Term 1'!$N$77 -> 0 | AB77: ='[7]Term 1'!$P$77 -> 0 | AC77: =SUM(AA77,AB77) -> 0 | AD77: =_xlfn.RANK.EQ(AC77,$AC$5:$AC$104,) -> 1 | AE77: ='[8]Term 1'!$N$77 -> 0 | AF77: ='[8]Term 1'!$P$77 -> 0 | AG77: =SUM(AE77,AF77) -> 0 | AH77: =_xlfn.RANK.EQ(AG77,$AG$5:$AG$104,) -> 1 | AI77: ='[9]Term 1'!$N$77 -> 0 | AJ77: ='[9]Term 1'!$P$77 -> 0 | AK77: =SUM(AI77,AJ77) -> 0 | AL77: =_xlfn.RANK.EQ(AK77,$AK$5:$AK$104,) -> 1 | AM77: ='[10]Term 1'!$N$77 -> 0 | AN77: ='[10]Term 1'!$P$77 -> 0 | AO77: =SUM(AM77,AN77) -> 0 | AP77: =_xlfn.RANK.EQ(AO77,$AO$5:$AO$104,) -> 1 | AQ77: =SUM(E77,I77,M77,Q77,U77,Y77,AC77,AG77,AK77,AO77) -> 0 | AR77: =_xlfn.RANK.EQ(AQ77,$AQ$5:$AQ$104,) -> 4 | AS77: ±
A78: P074 | C78: ='[1]Term 1'!$N$78 -> 0 | D78: ='[1]Term 1'!$P78 -> 0 | E78: =SUM(C78,D78) -> 0 | F78: =_xlfn.RANK.EQ(E78,$E$5:$E$104,) -> 4 | G78: ='[2]Term 1'!$N$78 -> 0 | H78: ='[2]Term 1'!$P$78 -> 0 | I78: =SUM(G78,H78) -> 0 | J78: =_xlfn.RANK.EQ(I78,$I$5:$I$104,) -> 1 | K78: ='[3]Term 1'!$N$78 -> 0 | L78: ='[3]Term 1'!$P$78 -> 0 | M78: =SUM(K78,L78) -> 0 | N78: =_xlfn.RANK.EQ(M78,$M$5:$M$104,) -> 1 | O78: ='[4]Term 1'!$N$78 -> 0 | P78: ='[4]Term 1'!$P$78 -> 0 | Q78: =SUM(O78,P78) -> 0 | R78: =_xlfn.RANK.EQ(Q78,$Q$5:$Q$104,) -> 1 | S78: ='[5]Term 1'!$N$78 -> 0 | T78: ='[5]Term 1'!$P$78 -> 0 | U78: =SUM(S78,T78) -> 0 | V78: =_xlfn.RANK.EQ(U78,$U$5:$U$104,) -> 1 | W78: ='[6]Term 1'!$N$78 -> 0 | X78: ='[6]Term 1'!$P$78 -> 0 | Y78: =SUM(W78,X78) -> 0 | Z78: =_xlfn.RANK.EQ(Y78,$Y$5:$Y$104,) -> 1 | AA78: ='[7]Term 1'!$N$78 -> 0 | AB78: ='[7]Term 1'!$P$78 -> 0 | AC78: =SUM(AA78,AB78) -> 0 | AD78: =_xlfn.RANK.EQ(AC78,$AC$5:$AC$104,) -> 1 | AE78: ='[8]Term 1'!$N$78 -> 0 | AF78: ='[8]Term 1'!$P$78 -> 0 | AG78: =SUM(AE78,AF78) -> 0 | AH78: =_xlfn.RANK.EQ(AG78,$AG$5:$AG$104,) -> 1 | AI78: ='[9]Term 1'!$N$78 -> 0 | AJ78: ='[9]Term 1'!$P$78 -> 0 | AK78: =SUM(AI78,AJ78) -> 0 | AL78: =_xlfn.RANK.EQ(AK78,$AK$5:$AK$104,) -> 1 | AM78: ='[10]Term 1'!$N$78 -> 0 | AN78: ='[10]Term 1'!$P$78 -> 0 | AO78: =SUM(AM78,AN78) -> 0 | AP78: =_xlfn.RANK.EQ(AO78,$AO$5:$AO$104,) -> 1 | AQ78: =SUM(E78,I78,M78,Q78,U78,Y78,AC78,AG78,AK78,AO78) -> 0 | AR78: =_xlfn.RANK.EQ(AQ78,$AQ$5:$AQ$104,) -> 4 | AS78: ±
A79: P075 | C79: ='[1]Term 1'!$N$79 -> 0 | D79: ='[1]Term 1'!$P79 -> 0 | E79: =SUM(C79,D79) -> 0 | F79: =_xlfn.RANK.EQ(E79,$E$5:$E$104,) -> 4 | G79: ='[2]Term 1'!$N$79 -> 0 | H79: ='[2]Term 1'!$P$79 -> 0 | I79: =SUM(G79,H79) -> 0 | J79: =_xlfn.RANK.EQ(I79,$I$5:$I$104,) -> 1 | K79: ='[3]Term 1'!$N$79 -> 0 | L79: ='[3]Term 1'!$P$79 -> 0 | M79: =SUM(K79,L79) -> 0 | N79: =_xlfn.RANK.EQ(M79,$M$5:$M$104,) -> 1 | O79: ='[4]Term 1'!$N$79 -> 0 | P79: ='[4]Term 1'!$P$79 -> 0 | Q79: =SUM(O79,P79) -> 0 | R79: =_xlfn.RANK.EQ(Q79,$Q$5:$Q$104,) -> 1 | S79: ='[5]Term 1'!$N$79 -> 0 | T79: ='[5]Term 1'!$P$79 -> 0 | U79: =SUM(S79,T79) -> 0 | V79: =_xlfn.RANK.EQ(U79,$U$5:$U$104,) -> 1 | W79: ='[6]Term 1'!$N$79 -> 0 | X79: ='[6]Term 1'!$P$79 -> 0 | Y79: =SUM(W79,X79) -> 0 | Z79: =_xlfn.RANK.EQ(Y79,$Y$5:$Y$104,) -> 1 | AA79: ='[7]Term 1'!$N$79 -> 0 | AB79: ='[7]Term 1'!$P$79 -> 0 | AC79: =SUM(AA79,AB79) -> 0 | AD79: =_xlfn.RANK.EQ(AC79,$AC$5:$AC$104,) -> 1 | AE79: ='[8]Term 1'!$N$79 -> 0 | AF79: ='[8]Term 1'!$P$79 -> 0 | AG79: =SUM(AE79,AF79) -> 0 | AH79: =_xlfn.RANK.EQ(AG79,$AG$5:$AG$104,) -> 1 | AI79: ='[9]Term 1'!$N$79 -> 0 | AJ79: ='[9]Term 1'!$P$79 -> 0 | AK79: =SUM(AI79,AJ79) -> 0 | AL79: =_xlfn.RANK.EQ(AK79,$AK$5:$AK$104,) -> 1 | AM79: ='[10]Term 1'!$N$79 -> 0 | AN79: ='[10]Term 1'!$P$79 -> 0 | AO79: =SUM(AM79,AN79) -> 0 | AP79: =_xlfn.RANK.EQ(AO79,$AO$5:$AO$104,) -> 1 | AQ79: =SUM(E79,I79,M79,Q79,U79,Y79,AC79,AG79,AK79,AO79) -> 0 | AR79: =_xlfn.RANK.EQ(AQ79,$AQ$5:$AQ$104,) -> 4 | AS79: ±
A80: P076 | C80: ='[1]Term 1'!$N$80 -> 0 | D80: ='[1]Term 1'!$P80 -> 0 | E80: =SUM(C80,D80) -> 0 | F80: =_xlfn.RANK.EQ(E80,$E$5:$E$104,) -> 4 | G80: ='[2]Term 1'!$N$80 -> 0 | H80: ='[2]Term 1'!$P$80 -> 0 | I80: =SUM(G80,H80) -> 0 | J80: =_xlfn.RANK.EQ(I80,$I$5:$I$104,) -> 1 | K80: ='[3]Term 1'!$N$80 -> 0 | L80: ='[3]Term 1'!$P$80 -> 0 | M80: =SUM(K80,L80) -> 0 | N80: =_xlfn.RANK.EQ(M80,$M$5:$M$104,) -> 1 | O80: ='[4]Term 1'!$N$80 -> 0 | P80: ='[4]Term 1'!$P$80 -> 0 | Q80: =SUM(O80,P80) -> 0 | R80: =_xlfn.RANK.EQ(Q80,$Q$5:$Q$104,) -> 1 | S80: ='[5]Term 1'!$N$80 -> 0 | T80: ='[5]Term 1'!$P$80 -> 0 | U80: =SUM(S80,T80) -> 0 | V80: =_xlfn.RANK.EQ(U80,$U$5:$U$104,) -> 1 | W80: ='[6]Term 1'!$N$80 -> 0 | X80: ='[6]Term 1'!$P$80 -> 0 | Y80: =SUM(W80,X80) -> 0 | Z80: =_xlfn.RANK.EQ(Y80,$Y$5:$Y$104,) -> 1 | AA80: ='[7]Term 1'!$N$80 -> 0 | AB80: ='[7]Term 1'!$P$80 -> 0 | AC80: =SUM(AA80,AB80) -> 0 | AD80: =_xlfn.RANK.EQ(AC80,$AC$5:$AC$104,) -> 1 | AE80: ='[8]Term 1'!$N$80 -> 0 | AF80: ='[8]Term 1'!$P$80 -> 0 | AG80: =SUM(AE80,AF80) -> 0 | AH80: =_xlfn.RANK.EQ(AG80,$AG$5:$AG$104,) -> 1 | AI80: ='[9]Term 1'!$N$80 -> 0 | AJ80: ='[9]Term 1'!$P$80 -> 0 | AK80: =SUM(AI80,AJ80) -> 0 | AL80: =_xlfn.RANK.EQ(AK80,$AK$5:$AK$104,) -> 1 | AM80: ='[10]Term 1'!$N$80 -> 0 | AN80: ='[10]Term 1'!$P$80 -> 0 | AO80: =SUM(AM80,AN80) -> 0 | AP80: =_xlfn.RANK.EQ(AO80,$AO$5:$AO$104,) -> 1 | AQ80: =SUM(E80,I80,M80,Q80,U80,Y80,AC80,AG80,AK80,AO80) -> 0 | AR80: =_xlfn.RANK.EQ(AQ80,$AQ$5:$AQ$104,) -> 4 | AS80: ±
A81: P077 | C81: ='[1]Term 1'!$N$81 -> 0 | D81: ='[1]Term 1'!$P81 -> 0 | E81: =SUM(C81,D81) -> 0 | F81: =_xlfn.RANK.EQ(E81,$E$5:$E$104,) -> 4 | G81: ='[2]Term 1'!$N$81 -> 0 | H81: ='[2]Term 1'!$P$81 -> 0 | I81: =SUM(G81,H81) -> 0 | J81: =_xlfn.RANK.EQ(I81,$I$5:$I$104,) -> 1 | K81: ='[3]Term 1'!$N$81 -> 0 | L81: ='[3]Term 1'!$P$81 -> 0 | M81: =SUM(K81,L81) -> 0 | N81: =_xlfn.RANK.EQ(M81,$M$5:$M$104,) -> 1 | O81: ='[4]Term 1'!$N$81 -> 0 | P81: ='[4]Term 1'!$P$81 -> 0 | Q81: =SUM(O81,P81) -> 0 | R81: =_xlfn.RANK.EQ(Q81,$Q$5:$Q$104,) -> 1 | S81: ='[5]Term 1'!$N$81 -> 0 | T81: ='[5]Term 1'!$P$81 -> 0 | U81: =SUM(S81,T81) -> 0 | V81: =_xlfn.RANK.EQ(U81,$U$5:$U$104,) -> 1 | W81: ='[6]Term 1'!$N$81 -> 0 | X81: ='[6]Term 1'!$P$81 -> 0 | Y81: =SUM(W81,X81) -> 0 | Z81: =_xlfn.RANK.EQ(Y81,$Y$5:$Y$104,) -> 1 | AA81: ='[7]Term 1'!$N$81 -> 0 | AB81: ='[7]Term 1'!$P$81 -> 0 | AC81: =SUM(AA81,AB81) -> 0 | AD81: =_xlfn.RANK.EQ(AC81,$AC$5:$AC$104,) -> 1 | AE81: ='[8]Term 1'!$N$81 -> 0 | AF81: ='[8]Term 1'!$P$81 -> 0 | AG81: =SUM(AE81,AF81) -> 0 | AH81: =_xlfn.RANK.EQ(AG81,$AG$5:$AG$104,) -> 1 | AI81: ='[9]Term 1'!$N$81 -> 0 | AJ81: ='[9]Term 1'!$P$81 -> 0 | AK81: =SUM(AI81,AJ81) -> 0 | AL81: =_xlfn.RANK.EQ(AK81,$AK$5:$AK$104,) -> 1 | AM81: ='[10]Term 1'!$N$81 -> 0 | AN81: ='[10]Term 1'!$P$81 -> 0 | AO81: =SUM(AM81,AN81) -> 0 | AP81: =_xlfn.RANK.EQ(AO81,$AO$5:$AO$104,) -> 1 | AQ81: =SUM(E81,I81,M81,Q81,U81,Y81,AC81,AG81,AK81,AO81) -> 0 | AR81: =_xlfn.RANK.EQ(AQ81,$AQ$5:$AQ$104,) -> 4 | AS81: ±
A82: P078 | C82: ='[1]Term 1'!$N$82 -> 0 | D82: ='[1]Term 1'!$P82 -> 0 | E82: =SUM(C82,D82) -> 0 | F82: =_xlfn.RANK.EQ(E82,$E$5:$E$104,) -> 4 | G82: ='[2]Term 1'!$N$82 -> 0 | H82: ='[2]Term 1'!$P$82 -> 0 | I82: =SUM(G82,H82) -> 0 | J82: =_xlfn.RANK.EQ(I82,$I$5:$I$104,) -> 1 | K82: ='[3]Term 1'!$N$82 -> 0 | L82: ='[3]Term 1'!$P$82 -> 0 | M82: =SUM(K82,L82) -> 0 | N82: =_xlfn.RANK.EQ(M82,$M$5:$M$104,) -> 1 | O82: ='[4]Term 1'!$N$82 -> 0 | P82: ='[4]Term 1'!$P$82 -> 0 | Q82: =SUM(O82,P82) -> 0 | R82: =_xlfn.RANK.EQ(Q82,$Q$5:$Q$104,) -> 1 | S82: ='[5]Term 1'!$N$82 -> 0 | T82: ='[5]Term 1'!$P$82 -> 0 | U82: =SUM(S82,T82) -> 0 | V82: =_xlfn.RANK.EQ(U82,$U$5:$U$104,) -> 1 | W82: ='[6]Term 1'!$N$82 -> 0 | X82: ='[6]Term 1'!$P$82 -> 0 | Y82: =SUM(W82,X82) -> 0 | Z82: =_xlfn.RANK.EQ(Y82,$Y$5:$Y$104,) -> 1 | AA82: ='[7]Term 1'!$N$82 -> 0 | AB82: ='[7]Term 1'!$P$82 -> 0 | AC82: =SUM(AA82,AB82) -> 0 | AD82: =_xlfn.RANK.EQ(AC82,$AC$5:$AC$104,) -> 1 | AE82: ='[8]Term 1'!$N$82 -> 0 | AF82: ='[8]Term 1'!$P$82 -> 0 | AG82: =SUM(AE82,AF82) -> 0 | AH82: =_xlfn.RANK.EQ(AG82,$AG$5:$AG$104,) -> 1 | AI82: ='[9]Term 1'!$N$82 -> 0 | AJ82: ='[9]Term 1'!$P$82 -> 0 | AK82: =SUM(AI82,AJ82) -> 0 | AL82: =_xlfn.RANK.EQ(AK82,$AK$5:$AK$104,) -> 1 | AM82: ='[10]Term 1'!$N$82 -> 0 | AN82: ='[10]Term 1'!$P$82 -> 0 | AO82: =SUM(AM82,AN82) -> 0 | AP82: =_xlfn.RANK.EQ(AO82,$AO$5:$AO$104,) -> 1 | AQ82: =SUM(E82,I82,M82,Q82,U82,Y82,AC82,AG82,AK82,AO82) -> 0 | AR82: =_xlfn.RANK.EQ(AQ82,$AQ$5:$AQ$104,) -> 4 | AS82: ±
A83: P079 | C83: ='[1]Term 1'!$N$83 -> 0 | D83: ='[1]Term 1'!$P83 -> 0 | E83: =SUM(C83,D83) -> 0 | F83: =_xlfn.RANK.EQ(E83,$E$5:$E$104,) -> 4 | G83: ='[2]Term 1'!$N$83 -> 0 | H83: ='[2]Term 1'!$P$83 -> 0 | I83: =SUM(G83,H83) -> 0 | J83: =_xlfn.RANK.EQ(I83,$I$5:$I$104,) -> 1 | K83: ='[3]Term 1'!$N$83 -> 0 | L83: ='[3]Term 1'!$P$83 -> 0 | M83: =SUM(K83,L83) -> 0 | N83: =_xlfn.RANK.EQ(M83,$M$5:$M$104,) -> 1 | O83: ='[4]Term 1'!$N$83 -> 0 | P83: ='[4]Term 1'!$P$83 -> 0 | Q83: =SUM(O83,P83) -> 0 | R83: =_xlfn.RANK.EQ(Q83,$Q$5:$Q$104,) -> 1 | S83: ='[5]Term 1'!$N$83 -> 0 | T83: ='[5]Term 1'!$P$83 -> 0 | U83: =SUM(S83,T83) -> 0 | V83: =_xlfn.RANK.EQ(U83,$U$5:$U$104,) -> 1 | W83: ='[6]Term 1'!$N$83 -> 0 | X83: ='[6]Term 1'!$P$83 -> 0 | Y83: =SUM(W83,X83) -> 0 | Z83: =_xlfn.RANK.EQ(Y83,$Y$5:$Y$104,) -> 1 | AA83: ='[7]Term 1'!$N$83 -> 0 | AB83: ='[7]Term 1'!$P$83 -> 0 | AC83: =SUM(AA83,AB83) -> 0 | AD83: =_xlfn.RANK.EQ(AC83,$AC$5:$AC$104,) -> 1 | AE83: ='[8]Term 1'!$N$83 -> 0 | AF83: ='[8]Term 1'!$P$83 -> 0 | AG83: =SUM(AE83,AF83) -> 0 | AH83: =_xlfn.RANK.EQ(AG83,$AG$5:$AG$104,) -> 1 | AI83: ='[9]Term 1'!$N$83 -> 0 | AJ83: ='[9]Term 1'!$P$83 -> 0 | AK83: =SUM(AI83,AJ83) -> 0 | AL83: =_xlfn.RANK.EQ(AK83,$AK$5:$AK$104,) -> 1 | AM83: ='[10]Term 1'!$N$83 -> 0 | AN83: ='[10]Term 1'!$P$83 -> 0 | AO83: =SUM(AM83,AN83) -> 0 | AP83: =_xlfn.RANK.EQ(AO83,$AO$5:$AO$104,) -> 1 | AQ83: =SUM(E83,I83,M83,Q83,U83,Y83,AC83,AG83,AK83,AO83) -> 0 | AR83: =_xlfn.RANK.EQ(AQ83,$AQ$5:$AQ$104,) -> 4 | AS83: ±
A84: P080 | C84: ='[1]Term 1'!$N$84 -> 0 | D84: ='[1]Term 1'!$P84 -> 0 | E84: =SUM(C84,D84) -> 0 | F84: =_xlfn.RANK.EQ(E84,$E$5:$E$104,) -> 4 | G84: ='[2]Term 1'!$N$84 -> 0 | H84: ='[2]Term 1'!$P$84 -> 0 | I84: =SUM(G84,H84) -> 0 | J84: =_xlfn.RANK.EQ(I84,$I$5:$I$104,) -> 1 | K84: ='[3]Term 1'!$N$84 -> 0 | L84: ='[3]Term 1'!$P$84 -> 0 | M84: =SUM(K84,L84) -> 0 | N84: =_xlfn.RANK.EQ(M84,$M$5:$M$104,) -> 1 | O84: ='[4]Term 1'!$N$84 -> 0 | P84: ='[4]Term 1'!$P$84 -> 0 | Q84: =SUM(O84,P84) -> 0 | R84: =_xlfn.RANK.EQ(Q84,$Q$5:$Q$104,) -> 1 | S84: ='[5]Term 1'!$N$84 -> 0 | T84: ='[5]Term 1'!$P$84 -> 0 | U84: =SUM(S84,T84) -> 0 | V84: =_xlfn.RANK.EQ(U84,$U$5:$U$104,) -> 1 | W84: ='[6]Term 1'!$N$84 -> 0 | X84: ='[6]Term 1'!$P$84 -> 0 | Y84: =SUM(W84,X84) -> 0 | Z84: =_xlfn.RANK.EQ(Y84,$Y$5:$Y$104,) -> 1 | AA84: ='[7]Term 1'!$N$84 -> 0 | AB84: ='[7]Term 1'!$P$84 -> 0 | AC84: =SUM(AA84,AB84) -> 0 | AD84: =_xlfn.RANK.EQ(AC84,$AC$5:$AC$104,) -> 1 | AE84: ='[8]Term 1'!$N$84 -> 0 | AF84: ='[8]Term 1'!$P$84 -> 0 | AG84: =SUM(AE84,AF84) -> 0 | AH84: =_xlfn.RANK.EQ(AG84,$AG$5:$AG$104,) -> 1 | AI84: ='[9]Term 1'!$N$84 -> 0 | AJ84: ='[9]Term 1'!$P$84 -> 0 | AK84: =SUM(AI84,AJ84) -> 0 | AL84: =_xlfn.RANK.EQ(AK84,$AK$5:$AK$104,) -> 1 | AM84: ='[10]Term 1'!$N$84 -> 0 | AN84: ='[10]Term 1'!$P$84 -> 0 | AO84: =SUM(AM84,AN84) -> 0 | AP84: =_xlfn.RANK.EQ(AO84,$AO$5:$AO$104,) -> 1 | AQ84: =SUM(E84,I84,M84,Q84,U84,Y84,AC84,AG84,AK84,AO84) -> 0 | AR84: =_xlfn.RANK.EQ(AQ84,$AQ$5:$AQ$104,) -> 4 | AS84: ±
A85: P081 | C85: ='[1]Term 1'!$N$85 -> 0 | D85: ='[1]Term 1'!$P85 -> 0 | E85: =SUM(C85,D85) -> 0 | F85: =_xlfn.RANK.EQ(E85,$E$5:$E$104,) -> 4 | G85: ='[2]Term 1'!$N$85 -> 0 | H85: ='[2]Term 1'!$P$85 -> 0 | I85: =SUM(G85,H85) -> 0 | J85: =_xlfn.RANK.EQ(I85,$I$5:$I$104,) -> 1 | K85: ='[3]Term 1'!$N$85 -> 0 | L85: ='[3]Term 1'!$P$85 -> 0 | M85: =SUM(K85,L85) -> 0 | N85: =_xlfn.RANK.EQ(M85,$M$5:$M$104,) -> 1 | O85: ='[4]Term 1'!$N$85 -> 0 | P85: ='[4]Term 1'!$P$85 -> 0 | Q85: =SUM(O85,P85) -> 0 | R85: =_xlfn.RANK.EQ(Q85,$Q$5:$Q$104,) -> 1 | S85: ='[5]Term 1'!$N$85 -> 0 | T85: ='[5]Term 1'!$P$85 -> 0 | U85: =SUM(S85,T85) -> 0 | V85: =_xlfn.RANK.EQ(U85,$U$5:$U$104,) -> 1 | W85: ='[6]Term 1'!$N$85 -> 0 | X85: ='[6]Term 1'!$P$85 -> 0 | Y85: =SUM(W85,X85) -> 0 | Z85: =_xlfn.RANK.EQ(Y85,$Y$5:$Y$104,) -> 1 | AA85: ='[7]Term 1'!$N$85 -> 0 | AB85: ='[7]Term 1'!$P$85 -> 0 | AC85: =SUM(AA85,AB85) -> 0 | AD85: =_xlfn.RANK.EQ(AC85,$AC$5:$AC$104,) -> 1 | AE85: ='[8]Term 1'!$N$85 -> 0 | AF85: ='[8]Term 1'!$P$85 -> 0 | AG85: =SUM(AE85,AF85) -> 0 | AH85: =_xlfn.RANK.EQ(AG85,$AG$5:$AG$104,) -> 1 | AI85: ='[9]Term 1'!$N$85 -> 0 | AJ85: ='[9]Term 1'!$P$85 -> 0 | AK85: =SUM(AI85,AJ85) -> 0 | AL85: =_xlfn.RANK.EQ(AK85,$AK$5:$AK$104,) -> 1 | AM85: ='[10]Term 1'!$N$85 -> 0 | AN85: ='[10]Term 1'!$P$85 -> 0 | AO85: =SUM(AM85,AN85) -> 0 | AP85: =_xlfn.RANK.EQ(AO85,$AO$5:$AO$104,) -> 1 | AQ85: =SUM(E85,I85,M85,Q85,U85,Y85,AC85,AG85,AK85,AO85) -> 0 | AR85: =_xlfn.RANK.EQ(AQ85,$AQ$5:$AQ$104,) -> 4 | AS85: ±
A86: P082 | C86: ='[1]Term 1'!$N$86 -> 0 | D86: ='[1]Term 1'!$P86 -> 0 | E86: =SUM(C86,D86) -> 0 | F86: =_xlfn.RANK.EQ(E86,$E$5:$E$104,) -> 4 | G86: ='[2]Term 1'!$N$86 -> 0 | H86: ='[2]Term 1'!$P$86 -> 0 | I86: =SUM(G86,H86) -> 0 | J86: =_xlfn.RANK.EQ(I86,$I$5:$I$104,) -> 1 | K86: ='[3]Term 1'!$N$86 -> 0 | L86: ='[3]Term 1'!$P$86 -> 0 | M86: =SUM(K86,L86) -> 0 | N86: =_xlfn.RANK.EQ(M86,$M$5:$M$104,) -> 1 | O86: ='[4]Term 1'!$N$86 -> 0 | P86: ='[4]Term 1'!$P$86 -> 0 | Q86: =SUM(O86,P86) -> 0 | R86: =_xlfn.RANK.EQ(Q86,$Q$5:$Q$104,) -> 1 | S86: ='[5]Term 1'!$N$86 -> 0 | T86: ='[5]Term 1'!$P$86 -> 0 | U86: =SUM(S86,T86) -> 0 | V86: =_xlfn.RANK.EQ(U86,$U$5:$U$104,) -> 1 | W86: ='[6]Term 1'!$N$86 -> 0 | X86: ='[6]Term 1'!$P$86 -> 0 | Y86: =SUM(W86,X86) -> 0 | Z86: =_xlfn.RANK.EQ(Y86,$Y$5:$Y$104,) -> 1 | AA86: ='[7]Term 1'!$N$86 -> 0 | AB86: ='[7]Term 1'!$P$86 -> 0 | AC86: =SUM(AA86,AB86) -> 0 | AD86: =_xlfn.RANK.EQ(AC86,$AC$5:$AC$104,) -> 1 | AE86: ='[8]Term 1'!$N$86 -> 0 | AF86: ='[8]Term 1'!$P$86 -> 0 | AG86: =SUM(AE86,AF86) -> 0 | AH86: =_xlfn.RANK.EQ(AG86,$AG$5:$AG$104,) -> 1 | AI86: ='[9]Term 1'!$N$86 -> 0 | AJ86: ='[9]Term 1'!$P$86 -> 0 | AK86: =SUM(AI86,AJ86) -> 0 | AL86: =_xlfn.RANK.EQ(AK86,$AK$5:$AK$104,) -> 1 | AM86: ='[10]Term 1'!$N$86 -> 0 | AN86: ='[10]Term 1'!$P$86 -> 0 | AO86: =SUM(AM86,AN86) -> 0 | AP86: =_xlfn.RANK.EQ(AO86,$AO$5:$AO$104,) -> 1 | AQ86: =SUM(E86,I86,M86,Q86,U86,Y86,AC86,AG86,AK86,AO86) -> 0 | AR86: =_xlfn.RANK.EQ(AQ86,$AQ$5:$AQ$104,) -> 4 | AS86: ±
A87: P083 | C87: ='[1]Term 1'!$N$87 -> 0 | D87: ='[1]Term 1'!$P87 -> 0 | E87: =SUM(C87,D87) -> 0 | F87: =_xlfn.RANK.EQ(E87,$E$5:$E$104,) -> 4 | G87: ='[2]Term 1'!$N$87 -> 0 | H87: ='[2]Term 1'!$P$87 -> 0 | I87: =SUM(G87,H87) -> 0 | J87: =_xlfn.RANK.EQ(I87,$I$5:$I$104,) -> 1 | K87: ='[3]Term 1'!$N$87 -> 0 | L87: ='[3]Term 1'!$P$87 -> 0 | M87: =SUM(K87,L87) -> 0 | N87: =_xlfn.RANK.EQ(M87,$M$5:$M$104,) -> 1 | O87: ='[4]Term 1'!$N$87 -> 0 | P87: ='[4]Term 1'!$P$87 -> 0 | Q87: =SUM(O87,P87) -> 0 | R87: =_xlfn.RANK.EQ(Q87,$Q$5:$Q$104,) -> 1 | S87: ='[5]Term 1'!$N$87 -> 0 | T87: ='[5]Term 1'!$P$87 -> 0 | U87: =SUM(S87,T87) -> 0 | V87: =_xlfn.RANK.EQ(U87,$U$5:$U$104,) -> 1 | W87: ='[6]Term 1'!$N$87 -> 0 | X87: ='[6]Term 1'!$P$87 -> 0 | Y87: =SUM(W87,X87) -> 0 | Z87: =_xlfn.RANK.EQ(Y87,$Y$5:$Y$104,) -> 1 | AA87: ='[7]Term 1'!$N$87 -> 0 | AB87: ='[7]Term 1'!$P$87 -> 0 | AC87: =SUM(AA87,AB87) -> 0 | AD87: =_xlfn.RANK.EQ(AC87,$AC$5:$AC$104,) -> 1 | AE87: ='[8]Term 1'!$N$87 -> 0 | AF87: ='[8]Term 1'!$P$87 -> 0 | AG87: =SUM(AE87,AF87) -> 0 | AH87: =_xlfn.RANK.EQ(AG87,$AG$5:$AG$104,) -> 1 | AI87: ='[9]Term 1'!$N$87 -> 0 | AJ87: ='[9]Term 1'!$P$87 -> 0 | AK87: =SUM(AI87,AJ87) -> 0 | AL87: =_xlfn.RANK.EQ(AK87,$AK$5:$AK$104,) -> 1 | AM87: ='[10]Term 1'!$N$87 -> 0 | AN87: ='[10]Term 1'!$P$87 -> 0 | AO87: =SUM(AM87,AN87) -> 0 | AP87: =_xlfn.RANK.EQ(AO87,$AO$5:$AO$104,) -> 1 | AQ87: =SUM(E87,I87,M87,Q87,U87,Y87,AC87,AG87,AK87,AO87) -> 0 | AR87: =_xlfn.RANK.EQ(AQ87,$AQ$5:$AQ$104,) -> 4 | AS87: ±
A88: P084 | C88: ='[1]Term 1'!$N$88 -> 0 | D88: ='[1]Term 1'!$P88 -> 0 | E88: =SUM(C88,D88) -> 0 | F88: =_xlfn.RANK.EQ(E88,$E$5:$E$104,) -> 4 | G88: ='[2]Term 1'!$N$88 -> 0 | H88: ='[2]Term 1'!$P$88 -> 0 | I88: =SUM(G88,H88) -> 0 | J88: =_xlfn.RANK.EQ(I88,$I$5:$I$104,) -> 1 | K88: ='[3]Term 1'!$N$88 -> 0 | L88: ='[3]Term 1'!$P$88 -> 0 | M88: =SUM(K88,L88) -> 0 | N88: =_xlfn.RANK.EQ(M88,$M$5:$M$104,) -> 1 | O88: ='[4]Term 1'!$N$88 -> 0 | P88: ='[4]Term 1'!$P$88 -> 0 | Q88: =SUM(O88,P88) -> 0 | R88: =_xlfn.RANK.EQ(Q88,$Q$5:$Q$104,) -> 1 | S88: ='[5]Term 1'!$N$88 -> 0 | T88: ='[5]Term 1'!$P$88 -> 0 | U88: =SUM(S88,T88) -> 0 | V88: =_xlfn.RANK.EQ(U88,$U$5:$U$104,) -> 1 | W88: ='[6]Term 1'!$N$88 -> 0 | X88: ='[6]Term 1'!$P$88 -> 0 | Y88: =SUM(W88,X88) -> 0 | Z88: =_xlfn.RANK.EQ(Y88,$Y$5:$Y$104,) -> 1 | AA88: ='[7]Term 1'!$N$88 -> 0 | AB88: ='[7]Term 1'!$P$88 -> 0 | AC88: =SUM(AA88,AB88) -> 0 | AD88: =_xlfn.RANK.EQ(AC88,$AC$5:$AC$104,) -> 1 | AE88: ='[8]Term 1'!$N$88 -> 0 | AF88: ='[8]Term 1'!$P$88 -> 0 | AG88: =SUM(AE88,AF88) -> 0 | AH88: =_xlfn.RANK.EQ(AG88,$AG$5:$AG$104,) -> 1 | AI88: ='[9]Term 1'!$N$88 -> 0 | AJ88: ='[9]Term 1'!$P$88 -> 0 | AK88: =SUM(AI88,AJ88) -> 0 | AL88: =_xlfn.RANK.EQ(AK88,$AK$5:$AK$104,) -> 1 | AM88: ='[10]Term 1'!$N$88 -> 0 | AN88: ='[10]Term 1'!$P$88 -> 0 | AO88: =SUM(AM88,AN88) -> 0 | AP88: =_xlfn.RANK.EQ(AO88,$AO$5:$AO$104,) -> 1 | AQ88: =SUM(E88,I88,M88,Q88,U88,Y88,AC88,AG88,AK88,AO88) -> 0 | AR88: =_xlfn.RANK.EQ(AQ88,$AQ$5:$AQ$104,) -> 4 | AS88: ±
A89: P085 | C89: ='[1]Term 1'!$N$89 -> 0 | D89: ='[1]Term 1'!$P89 -> 0 | E89: =SUM(C89,D89) -> 0 | F89: =_xlfn.RANK.EQ(E89,$E$5:$E$104,) -> 4 | G89: ='[2]Term 1'!$N$89 -> 0 | H89: ='[2]Term 1'!$P$89 -> 0 | I89: =SUM(G89,H89) -> 0 | J89: =_xlfn.RANK.EQ(I89,$I$5:$I$104,) -> 1 | K89: ='[3]Term 1'!$N$89 -> 0 | L89: ='[3]Term 1'!$P$89 -> 0 | M89: =SUM(K89,L89) -> 0 | N89: =_xlfn.RANK.EQ(M89,$M$5:$M$104,) -> 1 | O89: ='[4]Term 1'!$N$89 -> 0 | P89: ='[4]Term 1'!$P$89 -> 0 | Q89: =SUM(O89,P89) -> 0 | R89: =_xlfn.RANK.EQ(Q89,$Q$5:$Q$104,) -> 1 | S89: ='[5]Term 1'!$N$89 -> 0 | T89: ='[5]Term 1'!$P$89 -> 0 | U89: =SUM(S89,T89) -> 0 | V89: =_xlfn.RANK.EQ(U89,$U$5:$U$104,) -> 1 | W89: ='[6]Term 1'!$N$89 -> 0 | X89: ='[6]Term 1'!$P$89 -> 0 | Y89: =SUM(W89,X89) -> 0 | Z89: =_xlfn.RANK.EQ(Y89,$Y$5:$Y$104,) -> 1 | AA89: ='[7]Term 1'!$N$89 -> 0 | AB89: ='[7]Term 1'!$P$89 -> 0 | AC89: =SUM(AA89,AB89) -> 0 | AD89: =_xlfn.RANK.EQ(AC89,$AC$5:$AC$104,) -> 1 | AE89: ='[8]Term 1'!$N$89 -> 0 | AF89: ='[8]Term 1'!$P$89 -> 0 | AG89: =SUM(AE89,AF89) -> 0 | AH89: =_xlfn.RANK.EQ(AG89,$AG$5:$AG$104,) -> 1 | AI89: ='[9]Term 1'!$N$89 -> 0 | AJ89: ='[9]Term 1'!$P$89 -> 0 | AK89: =SUM(AI89,AJ89) -> 0 | AL89: =_xlfn.RANK.EQ(AK89,$AK$5:$AK$104,) -> 1 | AM89: ='[10]Term 1'!$N$89 -> 0 | AN89: ='[10]Term 1'!$P$89 -> 0 | AO89: =SUM(AM89,AN89) -> 0 | AP89: =_xlfn.RANK.EQ(AO89,$AO$5:$AO$104,) -> 1 | AQ89: =SUM(E89,I89,M89,Q89,U89,Y89,AC89,AG89,AK89,AO89) -> 0 | AR89: =_xlfn.RANK.EQ(AQ89,$AQ$5:$AQ$104,) -> 4 | AS89: ±
A90: P086 | C90: ='[1]Term 1'!$N$90 -> 0 | D90: ='[1]Term 1'!$P90 -> 0 | E90: =SUM(C90,D90) -> 0 | F90: =_xlfn.RANK.EQ(E90,$E$5:$E$104,) -> 4 | G90: ='[2]Term 1'!$N$90 -> 0 | H90: ='[2]Term 1'!$P$90 -> 0 | I90: =SUM(G90,H90) -> 0 | J90: =_xlfn.RANK.EQ(I90,$I$5:$I$104,) -> 1 | K90: ='[3]Term 1'!$N$90 -> 0 | L90: ='[3]Term 1'!$P$90 -> 0 | M90: =SUM(K90,L90) -> 0 | N90: =_xlfn.RANK.EQ(M90,$M$5:$M$104,) -> 1 | O90: ='[4]Term 1'!$N$90 -> 0 | P90: ='[4]Term 1'!$P$90 -> 0 | Q90: =SUM(O90,P90) -> 0 | R90: =_xlfn.RANK.EQ(Q90,$Q$5:$Q$104,) -> 1 | S90: ='[5]Term 1'!$N$90 -> 0 | T90: ='[5]Term 1'!$P$90 -> 0 | U90: =SUM(S90,T90) -> 0 | V90: =_xlfn.RANK.EQ(U90,$U$5:$U$104,) -> 1 | W90: ='[6]Term 1'!$N$90 -> 0 | X90: ='[6]Term 1'!$P$90 -> 0 | Y90: =SUM(W90,X90) -> 0 | Z90: =_xlfn.RANK.EQ(Y90,$Y$5:$Y$104,) -> 1 | AA90: ='[7]Term 1'!$N$90 -> 0 | AB90: ='[7]Term 1'!$P$90 -> 0 | AC90: =SUM(AA90,AB90) -> 0 | AD90: =_xlfn.RANK.EQ(AC90,$AC$5:$AC$104,) -> 1 | AE90: ='[8]Term 1'!$N$90 -> 0 | AF90: ='[8]Term 1'!$P$90 -> 0 | AG90: =SUM(AE90,AF90) -> 0 | AH90: =_xlfn.RANK.EQ(AG90,$AG$5:$AG$104,) -> 1 | AI90: ='[9]Term 1'!$N$90 -> 0 | AJ90: ='[9]Term 1'!$P$90 -> 0 | AK90: =SUM(AI90,AJ90) -> 0 | AL90: =_xlfn.RANK.EQ(AK90,$AK$5:$AK$104,) -> 1 | AM90: ='[10]Term 1'!$N$90 -> 0 | AN90: ='[10]Term 1'!$P$90 -> 0 | AO90: =SUM(AM90,AN90) -> 0 | AP90: =_xlfn.RANK.EQ(AO90,$AO$5:$AO$104,) -> 1 | AQ90: =SUM(E90,I90,M90,Q90,U90,Y90,AC90,AG90,AK90,AO90) -> 0 | AR90: =_xlfn.RANK.EQ(AQ90,$AQ$5:$AQ$104,) -> 4 | AS90: ±
A91: P087 | C91: ='[1]Term 1'!$N$91 -> 0 | D91: ='[1]Term 1'!$P91 -> 0 | E91: =SUM(C91,D91) -> 0 | F91: =_xlfn.RANK.EQ(E91,$E$5:$E$104,) -> 4 | G91: ='[2]Term 1'!$N$91 -> 0 | H91: ='[2]Term 1'!$P$91 -> 0 | I91: =SUM(G91,H91) -> 0 | J91: =_xlfn.RANK.EQ(I91,$I$5:$I$104,) -> 1 | K91: ='[3]Term 1'!$N$91 -> 0 | L91: ='[3]Term 1'!$P$91 -> 0 | M91: =SUM(K91,L91) -> 0 | N91: =_xlfn.RANK.EQ(M91,$M$5:$M$104,) -> 1 | O91: ='[4]Term 1'!$N$91 -> 0 | P91: ='[4]Term 1'!$P$91 -> 0 | Q91: =SUM(O91,P91) -> 0 | R91: =_xlfn.RANK.EQ(Q91,$Q$5:$Q$104,) -> 1 | S91: ='[5]Term 1'!$N$91 -> 0 | T91: ='[5]Term 1'!$P$91 -> 0 | U91: =SUM(S91,T91) -> 0 | V91: =_xlfn.RANK.EQ(U91,$U$5:$U$104,) -> 1 | W91: ='[6]Term 1'!$N$91 -> 0 | X91: ='[6]Term 1'!$P$91 -> 0 | Y91: =SUM(W91,X91) -> 0 | Z91: =_xlfn.RANK.EQ(Y91,$Y$5:$Y$104,) -> 1 | AA91: ='[7]Term 1'!$N$91 -> 0 | AB91: ='[7]Term 1'!$P$91 -> 0 | AC91: =SUM(AA91,AB91) -> 0 | AD91: =_xlfn.RANK.EQ(AC91,$AC$5:$AC$104,) -> 1 | AE91: ='[8]Term 1'!$N$91 -> 0 | AF91: ='[8]Term 1'!$P$91 -> 0 | AG91: =SUM(AE91,AF91) -> 0 | AH91: =_xlfn.RANK.EQ(AG91,$AG$5:$AG$104,) -> 1 | AI91: ='[9]Term 1'!$N$91 -> 0 | AJ91: ='[9]Term 1'!$P$91 -> 0 | AK91: =SUM(AI91,AJ91) -> 0 | AL91: =_xlfn.RANK.EQ(AK91,$AK$5:$AK$104,) -> 1 | AM91: ='[10]Term 1'!$N$91 -> 0 | AN91: ='[10]Term 1'!$P$91 -> 0 | AO91: =SUM(AM91,AN91) -> 0 | AP91: =_xlfn.RANK.EQ(AO91,$AO$5:$AO$104,) -> 1 | AQ91: =SUM(E91,I91,M91,Q91,U91,Y91,AC91,AG91,AK91,AO91) -> 0 | AR91: =_xlfn.RANK.EQ(AQ91,$AQ$5:$AQ$104,) -> 4 | AS91: ±
A92: P088 | C92: ='[1]Term 1'!$N$92 -> 0 | D92: ='[1]Term 1'!$P92 -> 0 | E92: =SUM(C92,D92) -> 0 | F92: =_xlfn.RANK.EQ(E92,$E$5:$E$104,) -> 4 | G92: ='[2]Term 1'!$N$92 -> 0 | H92: ='[2]Term 1'!$P$92 -> 0 | I92: =SUM(G92,H92) -> 0 | J92: =_xlfn.RANK.EQ(I92,$I$5:$I$104,) -> 1 | K92: ='[3]Term 1'!$N$92 -> 0 | L92: ='[3]Term 1'!$P$92 -> 0 | M92: =SUM(K92,L92) -> 0 | N92: =_xlfn.RANK.EQ(M92,$M$5:$M$104,) -> 1 | O92: ='[4]Term 1'!$N$92 -> 0 | P92: ='[4]Term 1'!$P$92 -> 0 | Q92: =SUM(O92,P92) -> 0 | R92: =_xlfn.RANK.EQ(Q92,$Q$5:$Q$104,) -> 1 | S92: ='[5]Term 1'!$N$92 -> 0 | T92: ='[5]Term 1'!$P$92 -> 0 | U92: =SUM(S92,T92) -> 0 | V92: =_xlfn.RANK.EQ(U92,$U$5:$U$104,) -> 1 | W92: ='[6]Term 1'!$N$92 -> 0 | X92: ='[6]Term 1'!$P$92 -> 0 | Y92: =SUM(W92,X92) -> 0 | Z92: =_xlfn.RANK.EQ(Y92,$Y$5:$Y$104,) -> 1 | AA92: ='[7]Term 1'!$N$92 -> 0 | AB92: ='[7]Term 1'!$P$92 -> 0 | AC92: =SUM(AA92,AB92) -> 0 | AD92: =_xlfn.RANK.EQ(AC92,$AC$5:$AC$104,) -> 1 | AE92: ='[8]Term 1'!$N$92 -> 0 | AF92: ='[8]Term 1'!$P$92 -> 0 | AG92: =SUM(AE92,AF92) -> 0 | AH92: =_xlfn.RANK.EQ(AG92,$AG$5:$AG$104,) -> 1 | AI92: ='[9]Term 1'!$N$92 -> 0 | AJ92: ='[9]Term 1'!$P$92 -> 0 | AK92: =SUM(AI92,AJ92) -> 0 | AL92: =_xlfn.RANK.EQ(AK92,$AK$5:$AK$104,) -> 1 | AM92: ='[10]Term 1'!$N$92 -> 0 | AN92: ='[10]Term 1'!$P$92 -> 0 | AO92: =SUM(AM92,AN92) -> 0 | AP92: =_xlfn.RANK.EQ(AO92,$AO$5:$AO$104,) -> 1 | AQ92: =SUM(E92,I92,M92,Q92,U92,Y92,AC92,AG92,AK92,AO92) -> 0 | AR92: =_xlfn.RANK.EQ(AQ92,$AQ$5:$AQ$104,) -> 4 | AS92: ±
A93: P089 | C93: ='[1]Term 1'!$N$93 -> 0 | D93: ='[1]Term 1'!$P93 -> 0 | E93: =SUM(C93,D93) -> 0 | F93: =_xlfn.RANK.EQ(E93,$E$5:$E$104,) -> 4 | G93: ='[2]Term 1'!$N$93 -> 0 | H93: ='[2]Term 1'!$P$93 -> 0 | I93: =SUM(G93,H93) -> 0 | J93: =_xlfn.RANK.EQ(I93,$I$5:$I$104,) -> 1 | K93: ='[3]Term 1'!$N$93 -> 0 | L93: ='[3]Term 1'!$P$93 -> 0 | M93: =SUM(K93,L93) -> 0 | N93: =_xlfn.RANK.EQ(M93,$M$5:$M$104,) -> 1 | O93: ='[4]Term 1'!$N$93 -> 0 | P93: ='[4]Term 1'!$P$93 -> 0 | Q93: =SUM(O93,P93) -> 0 | R93: =_xlfn.RANK.EQ(Q93,$Q$5:$Q$104,) -> 1 | S93: ='[5]Term 1'!$N$93 -> 0 | T93: ='[5]Term 1'!$P$93 -> 0 | U93: =SUM(S93,T93) -> 0 | V93: =_xlfn.RANK.EQ(U93,$U$5:$U$104,) -> 1 | W93: ='[6]Term 1'!$N$93 -> 0 | X93: ='[6]Term 1'!$P$93 -> 0 | Y93: =SUM(W93,X93) -> 0 | Z93: =_xlfn.RANK.EQ(Y93,$Y$5:$Y$104,) -> 1 | AA93: ='[7]Term 1'!$N$93 -> 0 | AB93: ='[7]Term 1'!$P$93 -> 0 | AC93: =SUM(AA93,AB93) -> 0 | AD93: =_xlfn.RANK.EQ(AC93,$AC$5:$AC$104,) -> 1 | AE93: ='[8]Term 1'!$N$93 -> 0 | AF93: ='[8]Term 1'!$P$93 -> 0 | AG93: =SUM(AE93,AF93) -> 0 | AH93: =_xlfn.RANK.EQ(AG93,$AG$5:$AG$104,) -> 1 | AI93: ='[9]Term 1'!$N$93 -> 0 | AJ93: ='[9]Term 1'!$P$93 -> 0 | AK93: =SUM(AI93,AJ93) -> 0 | AL93: =_xlfn.RANK.EQ(AK93,$AK$5:$AK$104,) -> 1 | AM93: ='[10]Term 1'!$N$93 -> 0 | AN93: ='[10]Term 1'!$P$93 -> 0 | AO93: =SUM(AM93,AN93) -> 0 | AP93: =_xlfn.RANK.EQ(AO93,$AO$5:$AO$104,) -> 1 | AQ93: =SUM(E93,I93,M93,Q93,U93,Y93,AC93,AG93,AK93,AO93) -> 0 | AR93: =_xlfn.RANK.EQ(AQ93,$AQ$5:$AQ$104,) -> 4 | AS93: ±
A94: P090 | C94: ='[1]Term 1'!$N$94 -> 0 | D94: ='[1]Term 1'!$P94 -> 0 | E94: =SUM(C94,D94) -> 0 | F94: =_xlfn.RANK.EQ(E94,$E$5:$E$104,) -> 4 | G94: ='[2]Term 1'!$N$94 -> 0 | H94: ='[2]Term 1'!$P$94 -> 0 | I94: =SUM(G94,H94) -> 0 | J94: =_xlfn.RANK.EQ(I94,$I$5:$I$104,) -> 1 | K94: ='[3]Term 1'!$N$94 -> 0 | L94: ='[3]Term 1'!$P$94 -> 0 | M94: =SUM(K94,L94) -> 0 | N94: =_xlfn.RANK.EQ(M94,$M$5:$M$104,) -> 1 | O94: ='[4]Term 1'!$N$94 -> 0 | P94: ='[4]Term 1'!$P$94 -> 0 | Q94: =SUM(O94,P94) -> 0 | R94: =_xlfn.RANK.EQ(Q94,$Q$5:$Q$104,) -> 1 | S94: ='[5]Term 1'!$N$94 -> 0 | T94: ='[5]Term 1'!$P$94 -> 0 | U94: =SUM(S94,T94) -> 0 | V94: =_xlfn.RANK.EQ(U94,$U$5:$U$104,) -> 1 | W94: ='[6]Term 1'!$N$94 -> 0 | X94: ='[6]Term 1'!$P$94 -> 0 | Y94: =SUM(W94,X94) -> 0 | Z94: =_xlfn.RANK.EQ(Y94,$Y$5:$Y$104,) -> 1 | AA94: ='[7]Term 1'!$N$94 -> 0 | AB94: ='[7]Term 1'!$P$94 -> 0 | AC94: =SUM(AA94,AB94) -> 0 | AD94: =_xlfn.RANK.EQ(AC94,$AC$5:$AC$104,) -> 1 | AE94: ='[8]Term 1'!$N$94 -> 0 | AF94: ='[8]Term 1'!$P$94 -> 0 | AG94: =SUM(AE94,AF94) -> 0 | AH94: =_xlfn.RANK.EQ(AG94,$AG$5:$AG$104,) -> 1 | AI94: ='[9]Term 1'!$N$94 -> 0 | AJ94: ='[9]Term 1'!$P$94 -> 0 | AK94: =SUM(AI94,AJ94) -> 0 | AL94: =_xlfn.RANK.EQ(AK94,$AK$5:$AK$104,) -> 1 | AM94: ='[10]Term 1'!$N$94 -> 0 | AN94: ='[10]Term 1'!$P$94 -> 0 | AO94: =SUM(AM94,AN94) -> 0 | AP94: =_xlfn.RANK.EQ(AO94,$AO$5:$AO$104,) -> 1 | AQ94: =SUM(E94,I94,M94,Q94,U94,Y94,AC94,AG94,AK94,AO94) -> 0 | AR94: =_xlfn.RANK.EQ(AQ94,$AQ$5:$AQ$104,) -> 4 | AS94: ±
A95: P091 | C95: ='[1]Term 1'!$N$95 -> 0 | D95: ='[1]Term 1'!$P95 -> 0 | E95: =SUM(C95,D95) -> 0 | F95: =_xlfn.RANK.EQ(E95,$E$5:$E$104,) -> 4 | G95: ='[2]Term 1'!$N$95 -> 0 | H95: ='[2]Term 1'!$P$95 -> 0 | I95: =SUM(G95,H95) -> 0 | J95: =_xlfn.RANK.EQ(I95,$I$5:$I$104,) -> 1 | K95: ='[3]Term 1'!$N$95 -> 0 | L95: ='[3]Term 1'!$P$95 -> 0 | M95: =SUM(K95,L95) -> 0 | N95: =_xlfn.RANK.EQ(M95,$M$5:$M$104,) -> 1 | O95: ='[4]Term 1'!$N$95 -> 0 | P95: ='[4]Term 1'!$P$95 -> 0 | Q95: =SUM(O95,P95) -> 0 | R95: =_xlfn.RANK.EQ(Q95,$Q$5:$Q$104,) -> 1 | S95: ='[5]Term 1'!$N$95 -> 0 | T95: ='[5]Term 1'!$P$95 -> 0 | U95: =SUM(S95,T95) -> 0 | V95: =_xlfn.RANK.EQ(U95,$U$5:$U$104,) -> 1 | W95: ='[6]Term 1'!$N$95 -> 0 | X95: ='[6]Term 1'!$P$95 -> 0 | Y95: =SUM(W95,X95) -> 0 | Z95: =_xlfn.RANK.EQ(Y95,$Y$5:$Y$104,) -> 1 | AA95: ='[7]Term 1'!$N$95 -> 0 | AB95: ='[7]Term 1'!$P$95 -> 0 | AC95: =SUM(AA95,AB95) -> 0 | AD95: =_xlfn.RANK.EQ(AC95,$AC$5:$AC$104,) -> 1 | AE95: ='[8]Term 1'!$N$95 -> 0 | AF95: ='[8]Term 1'!$P$95 -> 0 | AG95: =SUM(AE95,AF95) -> 0 | AH95: =_xlfn.RANK.EQ(AG95,$AG$5:$AG$104,) -> 1 | AI95: ='[9]Term 1'!$N$95 -> 0 | AJ95: ='[9]Term 1'!$P$95 -> 0 | AK95: =SUM(AI95,AJ95) -> 0 | AL95: =_xlfn.RANK.EQ(AK95,$AK$5:$AK$104,) -> 1 | AM95: ='[10]Term 1'!$N$95 -> 0 | AN95: ='[10]Term 1'!$P$95 -> 0 | AO95: =SUM(AM95,AN95) -> 0 | AP95: =_xlfn.RANK.EQ(AO95,$AO$5:$AO$104,) -> 1 | AQ95: =SUM(E95,I95,M95,Q95,U95,Y95,AC95,AG95,AK95,AO95) -> 0 | AR95: =_xlfn.RANK.EQ(AQ95,$AQ$5:$AQ$104,) -> 4 | AS95: ±
A96: P092 | C96: ='[1]Term 1'!$N$96 -> 0 | D96: ='[1]Term 1'!$P96 -> 0 | E96: =SUM(C96,D96) -> 0 | F96: =_xlfn.RANK.EQ(E96,$E$5:$E$104,) -> 4 | G96: ='[2]Term 1'!$N$96 -> 0 | H96: ='[2]Term 1'!$P$96 -> 0 | I96: =SUM(G96,H96) -> 0 | J96: =_xlfn.RANK.EQ(I96,$I$5:$I$104,) -> 1 | K96: ='[3]Term 1'!$N$96 -> 0 | L96: ='[3]Term 1'!$P$96 -> 0 | M96: =SUM(K96,L96) -> 0 | N96: =_xlfn.RANK.EQ(M96,$M$5:$M$104,) -> 1 | O96: ='[4]Term 1'!$N$96 -> 0 | P96: ='[4]Term 1'!$P$96 -> 0 | Q96: =SUM(O96,P96) -> 0 | R96: =_xlfn.RANK.EQ(Q96,$Q$5:$Q$104,) -> 1 | S96: ='[5]Term 1'!$N$96 -> 0 | T96: ='[5]Term 1'!$P$96 -> 0 | U96: =SUM(S96,T96) -> 0 | V96: =_xlfn.RANK.EQ(U96,$U$5:$U$104,) -> 1 | W96: ='[6]Term 1'!$N$96 -> 0 | X96: ='[6]Term 1'!$P$96 -> 0 | Y96: =SUM(W96,X96) -> 0 | Z96: =_xlfn.RANK.EQ(Y96,$Y$5:$Y$104,) -> 1 | AA96: ='[7]Term 1'!$N$96 -> 0 | AB96: ='[7]Term 1'!$P$96 -> 0 | AC96: =SUM(AA96,AB96) -> 0 | AD96: =_xlfn.RANK.EQ(AC96,$AC$5:$AC$104,) -> 1 | AE96: ='[8]Term 1'!$N$96 -> 0 | AF96: ='[8]Term 1'!$P$96 -> 0 | AG96: =SUM(AE96,AF96) -> 0 | AH96: =_xlfn.RANK.EQ(AG96,$AG$5:$AG$104,) -> 1 | AI96: ='[9]Term 1'!$N$96 -> 0 | AJ96: ='[9]Term 1'!$P$96 -> 0 | AK96: =SUM(AI96,AJ96) -> 0 | AL96: =_xlfn.RANK.EQ(AK96,$AK$5:$AK$104,) -> 1 | AM96: ='[10]Term 1'!$N$96 -> 0 | AN96: ='[10]Term 1'!$P$96 -> 0 | AO96: =SUM(AM96,AN96) -> 0 | AP96: =_xlfn.RANK.EQ(AO96,$AO$5:$AO$104,) -> 1 | AQ96: =SUM(E96,I96,M96,Q96,U96,Y96,AC96,AG96,AK96,AO96) -> 0 | AR96: =_xlfn.RANK.EQ(AQ96,$AQ$5:$AQ$104,) -> 4 | AS96: ±
A97: P093 | C97: ='[1]Term 1'!$N$97 -> 0 | D97: ='[1]Term 1'!$P97 -> 0 | E97: =SUM(C97,D97) -> 0 | F97: =_xlfn.RANK.EQ(E97,$E$5:$E$104,) -> 4 | G97: ='[2]Term 1'!$N$97 -> 0 | H97: ='[2]Term 1'!$P$97 -> 0 | I97: =SUM(G97,H97) -> 0 | J97: =_xlfn.RANK.EQ(I97,$I$5:$I$104,) -> 1 | K97: ='[3]Term 1'!$N$97 -> 0 | L97: ='[3]Term 1'!$P$97 -> 0 | M97: =SUM(K97,L97) -> 0 | N97: =_xlfn.RANK.EQ(M97,$M$5:$M$104,) -> 1 | O97: ='[4]Term 1'!$N$97 -> 0 | P97: ='[4]Term 1'!$P$97 -> 0 | Q97: =SUM(O97,P97) -> 0 | R97: =_xlfn.RANK.EQ(Q97,$Q$5:$Q$104,) -> 1 | S97: ='[5]Term 1'!$N$97 -> 0 | T97: ='[5]Term 1'!$P$97 -> 0 | U97: =SUM(S97,T97) -> 0 | V97: =_xlfn.RANK.EQ(U97,$U$5:$U$104,) -> 1 | W97: ='[6]Term 1'!$N$97 -> 0 | X97: ='[6]Term 1'!$P$97 -> 0 | Y97: =SUM(W97,X97) -> 0 | Z97: =_xlfn.RANK.EQ(Y97,$Y$5:$Y$104,) -> 1 | AA97: ='[7]Term 1'!$N$97 -> 0 | AB97: ='[7]Term 1'!$P$97 -> 0 | AC97: =SUM(AA97,AB97) -> 0 | AD97: =_xlfn.RANK.EQ(AC97,$AC$5:$AC$104,) -> 1 | AE97: ='[8]Term 1'!$N$97 -> 0 | AF97: ='[8]Term 1'!$P$97 -> 0 | AG97: =SUM(AE97,AF97) -> 0 | AH97: =_xlfn.RANK.EQ(AG97,$AG$5:$AG$104,) -> 1 | AI97: ='[9]Term 1'!$N$97 -> 0 | AJ97: ='[9]Term 1'!$P$97 -> 0 | AK97: =SUM(AI97,AJ97) -> 0 | AL97: =_xlfn.RANK.EQ(AK97,$AK$5:$AK$104,) -> 1 | AM97: ='[10]Term 1'!$N$97 -> 0 | AN97: ='[10]Term 1'!$P$97 -> 0 | AO97: =SUM(AM97,AN97) -> 0 | AP97: =_xlfn.RANK.EQ(AO97,$AO$5:$AO$104,) -> 1 | AQ97: =SUM(E97,I97,M97,Q97,U97,Y97,AC97,AG97,AK97,AO97) -> 0 | AR97: =_xlfn.RANK.EQ(AQ97,$AQ$5:$AQ$104,) -> 4 | AS97: ±
A98: P094 | C98: ='[1]Term 1'!$N$98 -> 0 | D98: ='[1]Term 1'!$P98 -> 0 | E98: =SUM(C98,D98) -> 0 | F98: =_xlfn.RANK.EQ(E98,$E$5:$E$104,) -> 4 | G98: ='[2]Term 1'!$N$98 -> 0 | H98: ='[2]Term 1'!$P$98 -> 0 | I98: =SUM(G98,H98) -> 0 | J98: =_xlfn.RANK.EQ(I98,$I$5:$I$104,) -> 1 | K98: ='[3]Term 1'!$N$98 -> 0 | L98: ='[3]Term 1'!$P$98 -> 0 | M98: =SUM(K98,L98) -> 0 | N98: =_xlfn.RANK.EQ(M98,$M$5:$M$104,) -> 1 | O98: ='[4]Term 1'!$N$98 -> 0 | P98: ='[4]Term 1'!$P$98 -> 0 | Q98: =SUM(O98,P98) -> 0 | R98: =_xlfn.RANK.EQ(Q98,$Q$5:$Q$104,) -> 1 | S98: ='[5]Term 1'!$N$98 -> 0 | T98: ='[5]Term 1'!$P$98 -> 0 | U98: =SUM(S98,T98) -> 0 | V98: =_xlfn.RANK.EQ(U98,$U$5:$U$104,) -> 1 | W98: ='[6]Term 1'!$N$98 -> 0 | X98: ='[6]Term 1'!$P$98 -> 0 | Y98: =SUM(W98,X98) -> 0 | Z98: =_xlfn.RANK.EQ(Y98,$Y$5:$Y$104,) -> 1 | AA98: ='[7]Term 1'!$N$98 -> 0 | AB98: ='[7]Term 1'!$P$98 -> 0 | AC98: =SUM(AA98,AB98) -> 0 | AD98: =_xlfn.RANK.EQ(AC98,$AC$5:$AC$104,) -> 1 | AE98: ='[8]Term 1'!$N$98 -> 0 | AF98: ='[8]Term 1'!$P$98 -> 0 | AG98: =SUM(AE98,AF98) -> 0 | AH98: =_xlfn.RANK.EQ(AG98,$AG$5:$AG$104,) -> 1 | AI98: ='[9]Term 1'!$N$98 -> 0 | AJ98: ='[9]Term 1'!$P$98 -> 0 | AK98: =SUM(AI98,AJ98) -> 0 | AL98: =_xlfn.RANK.EQ(AK98,$AK$5:$AK$104,) -> 1 | AM98: ='[10]Term 1'!$N$98 -> 0 | AN98: ='[10]Term 1'!$P$98 -> 0 | AO98: =SUM(AM98,AN98) -> 0 | AP98: =_xlfn.RANK.EQ(AO98,$AO$5:$AO$104,) -> 1 | AQ98: =SUM(E98,I98,M98,Q98,U98,Y98,AC98,AG98,AK98,AO98) -> 0 | AR98: =_xlfn.RANK.EQ(AQ98,$AQ$5:$AQ$104,) -> 4 | AS98: ±
A99: P095 | C99: ='[1]Term 1'!$N$99 -> 0 | D99: ='[1]Term 1'!$P99 -> 0 | E99: =SUM(C99,D99) -> 0 | F99: =_xlfn.RANK.EQ(E99,$E$5:$E$104,) -> 4 | G99: ='[2]Term 1'!$N$99 -> 0 | H99: ='[2]Term 1'!$P$99 -> 0 | I99: =SUM(G99,H99) -> 0 | J99: =_xlfn.RANK.EQ(I99,$I$5:$I$104,) -> 1 | K99: ='[3]Term 1'!$N$99 -> 0 | L99: ='[3]Term 1'!$P$99 -> 0 | M99: =SUM(K99,L99) -> 0 | N99: =_xlfn.RANK.EQ(M99,$M$5:$M$104,) -> 1 | O99: ='[4]Term 1'!$N$99 -> 0 | P99: ='[4]Term 1'!$P$99 -> 0 | Q99: =SUM(O99,P99) -> 0 | R99: =_xlfn.RANK.EQ(Q99,$Q$5:$Q$104,) -> 1 | S99: ='[5]Term 1'!$N$99 -> 0 | T99: ='[5]Term 1'!$P$99 -> 0 | U99: =SUM(S99,T99) -> 0 | V99: =_xlfn.RANK.EQ(U99,$U$5:$U$104,) -> 1 | W99: ='[6]Term 1'!$N$99 -> 0 | X99: ='[6]Term 1'!$P$99 -> 0 | Y99: =SUM(W99,X99) -> 0 | Z99: =_xlfn.RANK.EQ(Y99,$Y$5:$Y$104,) -> 1 | AA99: ='[7]Term 1'!$N$99 -> 0 | AB99: ='[7]Term 1'!$P$99 -> 0 | AC99: =SUM(AA99,AB99) -> 0 | AD99: =_xlfn.RANK.EQ(AC99,$AC$5:$AC$104,) -> 1 | AE99: ='[8]Term 1'!$N$99 -> 0 | AF99: ='[8]Term 1'!$P$99 -> 0 | AG99: =SUM(AE99,AF99) -> 0 | AH99: =_xlfn.RANK.EQ(AG99,$AG$5:$AG$104,) -> 1 | AI99: ='[9]Term 1'!$N$99 -> 0 | AJ99: ='[9]Term 1'!$P$99 -> 0 | AK99: =SUM(AI99,AJ99) -> 0 | AL99: =_xlfn.RANK.EQ(AK99,$AK$5:$AK$104,) -> 1 | AM99: ='[10]Term 1'!$N$99 -> 0 | AN99: ='[10]Term 1'!$P$99 -> 0 | AO99: =SUM(AM99,AN99) -> 0 | AP99: =_xlfn.RANK.EQ(AO99,$AO$5:$AO$104,) -> 1 | AQ99: =SUM(E99,I99,M99,Q99,U99,Y99,AC99,AG99,AK99,AO99) -> 0 | AR99: =_xlfn.RANK.EQ(AQ99,$AQ$5:$AQ$104,) -> 4 | AS99: ±
A100: P096 | C100: ='[1]Term 1'!$N$100 -> 0 | D100: ='[1]Term 1'!$P100 -> 0 | E100: =SUM(C100,D100) -> 0 | F100: =_xlfn.RANK.EQ(E100,$E$5:$E$104,) -> 4 | G100: ='[2]Term 1'!$N$100 -> 0 | H100: ='[2]Term 1'!$P$100 -> 0 | I100: =SUM(G100,H100) -> 0 | J100: =_xlfn.RANK.EQ(I100,$I$5:$I$104,) -> 1 | K100: ='[3]Term 1'!$N$100 -> 0 | L100: ='[3]Term 1'!$P$100 -> 0 | M100: =SUM(K100,L100) -> 0 | N100: =_xlfn.RANK.EQ(M100,$M$5:$M$104,) -> 1 | O100: ='[4]Term 1'!$N$100 -> 0 | P100: ='[4]Term 1'!$P$100 -> 0 | Q100: =SUM(O100,P100) -> 0 | R100: =_xlfn.RANK.EQ(Q100,$Q$5:$Q$104,) -> 1 | S100: ='[5]Term 1'!$N$100 -> 0 | T100: ='[5]Term 1'!$P$100 -> 0 | U100: =SUM(S100,T100) -> 0 | V100: =_xlfn.RANK.EQ(U100,$U$5:$U$104,) -> 1 | W100: ='[6]Term 1'!$N$100 -> 0 | X100: ='[6]Term 1'!$P$100 -> 0 | Y100: =SUM(W100,X100) -> 0 | Z100: =_xlfn.RANK.EQ(Y100,$Y$5:$Y$104,) -> 1 | AA100: ='[7]Term 1'!$N$100 -> 0 | AB100: ='[7]Term 1'!$P$100 -> 0 | AC100: =SUM(AA100,AB100) -> 0 | AD100: =_xlfn.RANK.EQ(AC100,$AC$5:$AC$104,) -> 1 | AE100: ='[8]Term 1'!$N$100 -> 0 | AF100: ='[8]Term 1'!$P$100 -> 0 | AG100: =SUM(AE100,AF100) -> 0 | AH100: =_xlfn.RANK.EQ(AG100,$AG$5:$AG$104,) -> 1 | AI100: ='[9]Term 1'!$N$100 -> 0 | AJ100: ='[9]Term 1'!$P$100 -> 0 | AK100: =SUM(AI100,AJ100) -> 0 | AL100: =_xlfn.RANK.EQ(AK100,$AK$5:$AK$104,) -> 1 | AM100: ='[10]Term 1'!$N$100 -> 0 | AN100: ='[10]Term 1'!$P$100 -> 0 | AO100: =SUM(AM100,AN100) -> 0 | AP100: =_xlfn.RANK.EQ(AO100,$AO$5:$AO$104,) -> 1 | AQ100: =SUM(E100,I100,M100,Q100,U100,Y100,AC100,AG100,AK100,AO100) -> 0 | AR100: =_xlfn.RANK.EQ(AQ100,$AQ$5:$AQ$104,) -> 4 | AS100: ±
A101: P097 | C101: ='[1]Term 1'!$N$101 -> 0 | D101: ='[1]Term 1'!$P101 -> 0 | E101: =SUM(C101,D101) -> 0 | F101: =_xlfn.RANK.EQ(E101,$E$5:$E$104,) -> 4 | G101: ='[2]Term 1'!$N$101 -> 0 | H101: ='[2]Term 1'!$P$101 -> 0 | I101: =SUM(G101,H101) -> 0 | J101: =_xlfn.RANK.EQ(I101,$I$5:$I$104,) -> 1 | K101: ='[3]Term 1'!$N$101 -> 0 | L101: ='[3]Term 1'!$P$101 -> 0 | M101: =SUM(K101,L101) -> 0 | N101: =_xlfn.RANK.EQ(M101,$M$5:$M$104,) -> 1 | O101: ='[4]Term 1'!$N$101 -> 0 | P101: ='[4]Term 1'!$P$101 -> 0 | Q101: =SUM(O101,P101) -> 0 | R101: =_xlfn.RANK.EQ(Q101,$Q$5:$Q$104,) -> 1 | S101: ='[5]Term 1'!$N$101 -> 0 | T101: ='[5]Term 1'!$P$101 -> 0 | U101: =SUM(S101,T101) -> 0 | V101: =_xlfn.RANK.EQ(U101,$U$5:$U$104,) -> 1 | W101: ='[6]Term 1'!$N$101 -> 0 | X101: ='[6]Term 1'!$P$101 -> 0 | Y101: =SUM(W101,X101) -> 0 | Z101: =_xlfn.RANK.EQ(Y101,$Y$5:$Y$104,) -> 1 | AA101: ='[7]Term 1'!$N$101 -> 0 | AB101: ='[7]Term 1'!$P$101 -> 0 | AC101: =SUM(AA101,AB101) -> 0 | AD101: =_xlfn.RANK.EQ(AC101,$AC$5:$AC$104,) -> 1 | AE101: ='[8]Term 1'!$N$101 -> 0 | AF101: ='[8]Term 1'!$P$101 -> 0 | AG101: =SUM(AE101,AF101) -> 0 | AH101: =_xlfn.RANK.EQ(AG101,$AG$5:$AG$104,) -> 1 | AI101: ='[9]Term 1'!$N$101 -> 0 | AJ101: ='[9]Term 1'!$P$101 -> 0 | AK101: =SUM(AI101,AJ101) -> 0 | AL101: =_xlfn.RANK.EQ(AK101,$AK$5:$AK$104,) -> 1 | AM101: ='[10]Term 1'!$N$101 -> 0 | AN101: ='[10]Term 1'!$P$101 -> 0 | AO101: =SUM(AM101,AN101) -> 0 | AP101: =_xlfn.RANK.EQ(AO101,$AO$5:$AO$104,) -> 1 | AQ101: =SUM(E101,I101,M101,Q101,U101,Y101,AC101,AG101,AK101,AO101) -> 0 | AR101: =_xlfn.RANK.EQ(AQ101,$AQ$5:$AQ$104,) -> 4 | AS101: ±
...

Sheet Term 2 Summary Sheet
A1: TERM 2 TEACHER'S SUMMARY SHEET
A2: ID# | B2: STUDENT NAME | C2: MATHEMATICS | G2: ENGLISH LANGUAGE | K2: SOCIAL STUDIES | O2: INTEGRATED SCIENCE | S2: CREATIVE ARTS | W2: CAREER TECHNOLOGY | AA2: COMPUTING | AE2: RELIGIOUS & MORAL EDUCATION | AI2: FRENCH | AM2: GHANAIAN LANGUAGE (TWI) | AQ2: HIGH SCORE | AR2: RANK | AS2: ATTENDANCE | AT2: CONDUCT | AU2: LEARNERS INTEREST | AV2: CLASS FACILITATOR'S REMARKS
C3: CS | D3: ES | E3: TL | F3: PN | G3: CS | H3: ES | I3: TL | J3: PN | K3: CS | L3: ES | M3: TL | N3: PN | O3: CS | P3: ES | Q3: TL | R3: PN | S3: CS | T3: ES | U3: TL | V3: PN | W3: CS | X3: ES | Y3: TL | Z3: PN | AA3: CS | AB3: ES | AC3: TL | AD3: PN | AE3: CS | AF3: ES | AG3: TL | AH3: PN | AI3: CS | AJ3: ES | AK3: TL | AL3: PN | AM3: CS | AN3: ES | AO3: TL | AP3: PN
A5: O001 | B5: Benjamin Jackson | C5: ='[1]Term 2'!$N$5 -> 36 | D5: ='[1]Term 2'!$P$5 -> 44 | E5: =SUM(C5,D5) -> 80 | F5: =_xlfn.RANK.EQ(E5,$E$5:$E$104,) -> 2 | G5: ='[2]Term 2'!$N$5 -> 0 | H5: ='[2]Term 2'!$P$5 -> 0 | I5: =SUM(G5,H5) -> 0 | J5: =_xlfn.RANK.EQ(I5,$I$5:$I$104,) -> 1 | K5: ='[3]Term 2'!$N$5 -> 0 | L5: ='[3]Term 2'!$P$5 -> 0 | M5: =SUM(K5,L5) -> 0 | N5: =_xlfn.RANK.EQ(M5,$M$5:$M$104,) -> 1 | O5: ='[4]Term 2'!$N$5 -> 0 | P5: ='[4]Term 2'!$P$5 -> 0 | Q5: =SUM(O5,P5) -> 0 | R5: =_xlfn.RANK.EQ(Q5,$Q$5:$Q$104,) -> 1 | S5: ='[5]Term 2'!$N$5 -> 0 | T5: ='[5]Term 2'!$P$5 -> 0 | U5: =SUM(S5,T5) -> 0 | V5: =_xlfn.RANK.EQ(U5,$U$5:$U$104,) -> 1 | W5: ='[6]Term 2'!$N$5 -> 0 | X5: ='[6]Term 2'!$P$5 -> 0 | Y5: =SUM(W5,X5) -> 0 | Z5: =_xlfn.RANK.EQ(Y5,$Y$5:$Y$104,) -> 1 | AA5: ='[7]Term 2'!$N$5 -> 0 | AB5: ='[7]Term 2'!$P$5 -> 0 | AC5: =SUM(AA5,AB5) -> 0 | AD5: =_xlfn.RANK.EQ(AC5,$AC$5:$AC$104,) -> 1 | AE5: ='[8]Term 2'!$N$5 -> 0 | AF5: ='[8]Term 2'!$P$5 -> 0 | AG5: =SUM(AE5,AF5) -> 0 | AH5: =_xlfn.RANK.EQ(AG5,$AG$5:$AG$104,) -> 1 | AI5: ='[9]Term 2'!$N$5 -> 0 | AJ5: ='[9]Term 2'!$P$5 -> 0 | AK5: =SUM(AI5,AJ5) -> 0 | AL5: =_xlfn.RANK.EQ(AK5,$AK$5:$AK$104,) -> 1 | AM5: ='[10]Term 2'!$N$5 -> 0 | AN5: ='[10]Term 2'!$P$5 -> 0 | AO5: =SUM(AM5,AN5) -> 0 | AP5: =_xlfn.RANK.EQ(AO5,$AO$5:$AO$104,) -> 1 | AQ5: =SUM(E5,I5,M5,Q5,U5,Y5,AC5,AG5,AK5,AO5) -> 80 | AR5: =_xlfn.RANK.EQ(AQ5,$AQ$5:$AQ$104,) -> 2 | AS5: ±
A6: O002 | B6: Henry Franklin | C6: ='[1]Term 2'!$N$6 -> 38.5 | D6: ='[1]Term 2'!$P$6 -> 45.5 | E6: =SUM(C6,D6) -> 84 | F6: =_xlfn.RANK.EQ(E6,$E$5:$E$104,) -> 1 | G6: ='[2]Term 2'!$N$6 -> 0 | H6: ='[2]Term 2'!$P$6 -> 0 | I6: =SUM(G6,H6) -> 0 | J6: =_xlfn.RANK.EQ(I6,$I$5:$I$104,) -> 1 | K6: ='[3]Term 2'!$N$6 -> 0 | L6: ='[3]Term 2'!$P$6 -> 0 | M6: =SUM(K6,L6) -> 0 | N6: =_xlfn.RANK.EQ(M6,$M$5:$M$104,) -> 1 | O6: ='[4]Term 2'!$N$6 -> 0 | P6: ='[4]Term 2'!$P$6 -> 0 | Q6: =SUM(O6,P6) -> 0 | R6: =_xlfn.RANK.EQ(Q6,$Q$5:$Q$104,) -> 1 | S6: ='[5]Term 2'!$N$6 -> 0 | T6: ='[5]Term 2'!$P$6 -> 0 | U6: =SUM(S6,T6) -> 0 | V6: =_xlfn.RANK.EQ(U6,$U$5:$U$104,) -> 1 | W6: ='[6]Term 2'!$N$6 -> 0 | X6: ='[6]Term 2'!$P$6 -> 0 | Y6: =SUM(W6,X6) -> 0 | Z6: =_xlfn.RANK.EQ(Y6,$Y$5:$Y$104,) -> 1 | AA6: ='[7]Term 2'!$N$6 -> 0 | AB6: ='[7]Term 2'!$P$6 -> 0 | AC6: =SUM(AA6,AB6) -> 0 | AD6: =_xlfn.RANK.EQ(AC6,$AC$5:$AC$104,) -> 1 | AE6: ='[8]Term 2'!$N$6 -> 0 | AF6: ='[8]Term 2'!$P$6 -> 0 | AG6: =SUM(AE6,AF6) -> 0 | AH6: =_xlfn.RANK.EQ(AG6,$AG$5:$AG$104,) -> 1 | AI6: ='[9]Term 2'!$N$6 -> 0 | AJ6: ='[9]Term 2'!$P$6 -> 0 | AK6: =SUM(AI6,AJ6) -> 0 | AL6: =_xlfn.RANK.EQ(AK6,$AK$5:$AK$104,) -> 1 | AM6: ='[10]Term 2'!$N$6 -> 0 | AN6: ='[10]Term 2'!$P$6 -> 0 | AO6: =SUM(AM6,AN6) -> 0 | AP6: =_xlfn.RANK.EQ(AO6,$AO$5:$AO$104,) -> 1 | AQ6: =SUM(E6,I6,M6,Q6,U6,Y6,AC6,AG6,AK6,AO6) -> 84 | AR6: =_xlfn.RANK.EQ(AQ6,$AQ$5:$AQ$104,) -> 1 | AS6: ±
A7: O003 | B7: Lily Moore | C7: ='[1]Term 2'!$N$7 -> 34 | D7: ='[1]Term 2'!$P$7 -> 43.5 | E7: =SUM(C7,D7) -> 77.5 | F7: =_xlfn.RANK.EQ(E7,$E$5:$E$104,) -> 3 | G7: ='[2]Term 2'!$N$7 -> 0 | H7: ='[2]Term 2'!$P$7 -> 0 | I7: =SUM(G7,H7) -> 0 | J7: =_xlfn.RANK.EQ(I7,$I$5:$I$104,) -> 1 | K7: ='[3]Term 2'!$N$7 -> 0 | L7: ='[3]Term 2'!$P$7 -> 0 | M7: =SUM(K7,L7) -> 0 | N7: =_xlfn.RANK.EQ(M7,$M$5:$M$104,) -> 1 | O7: ='[4]Term 2'!$N$7 -> 0 | P7: ='[4]Term 2'!$P$7 -> 0 | Q7: =SUM(O7,P7) -> 0 | R7: =_xlfn.RANK.EQ(Q7,$Q$5:$Q$104,) -> 1 | S7: ='[5]Term 2'!$N$7 -> 0 | T7: ='[5]Term 2'!$P$7 -> 0 | U7: =SUM(S7,T7) -> 0 | V7: =_xlfn.RANK.EQ(U7,$U$5:$U$104,) -> 1 | W7: ='[6]Term 2'!$N$7 -> 0 | X7: ='[6]Term 2'!$P$7 -> 0 | Y7: =SUM(W7,X7) -> 0 | Z7: =_xlfn.RANK.EQ(Y7,$Y$5:$Y$104,) -> 1 | AA7: ='[7]Term 2'!$N$7 -> 0 | AB7: ='[7]Term 2'!$P$7 -> 0 | AC7: =SUM(AA7,AB7) -> 0 | AD7: =_xlfn.RANK.EQ(AC7,$AC$5:$AC$104,) -> 1 | AE7: ='[8]Term 2'!$N$7 -> 0 | AF7: ='[8]Term 2'!$P$7 -> 0 | AG7: =SUM(AE7,AF7) -> 0 | AH7: =_xlfn.RANK.EQ(AG7,$AG$5:$AG$104,) -> 1 | AI7: ='[9]Term 2'!$N$7 -> 0 | AJ7: ='[9]Term 2'!$P$7 -> 0 | AK7: =SUM(AI7,AJ7) -> 0 | AL7: =_xlfn.RANK.EQ(AK7,$AK$5:$AK$104,) -> 1 | AM7: ='[10]Term 2'!$N$7 -> 0 | AN7: ='[10]Term 2'!$P$7 -> 0 | AO7: =SUM(AM7,AN7) -> 0 | AP7: =_xlfn.RANK.EQ(AO7,$AO$5:$AO$104,) -> 1 | AQ7: =SUM(E7,I7,M7,Q7,U7,Y7,AC7,AG7,AK7,AO7) -> 77.5 | AR7: =_xlfn.RANK.EQ(AQ7,$AQ$5:$AQ$104,) -> 3 | AS7: ±
A8: O004 | C8: ='[1]Term 2'!$N$8 -> 36 | D8: ='[1]Term 2'!$P$8 -> 0 | E8: =SUM(C8,D8) -> 36 | F8: =_xlfn.RANK.EQ(E8,$E$5:$E$104,) -> 4 | G8: ='[2]Term 2'!$N$8 -> 0 | H8: ='[2]Term 2'!$P$8 -> 0 | I8: =SUM(G8,H8) -> 0 | J8: =_xlfn.RANK.EQ(I8,$I$5:$I$104,) -> 1 | K8: ='[3]Term 2'!$N$8 -> 0 | L8: ='[3]Term 2'!$P$8 -> 0 | M8: =SUM(K8,L8) -> 0 | N8: =_xlfn.RANK.EQ(M8,$M$5:$M$104,) -> 1 | O8: ='[4]Term 2'!$N$8 -> 0 | P8: ='[4]Term 2'!$P$8 -> 0 | Q8: =SUM(O8,P8) -> 0 | R8: =_xlfn.RANK.EQ(Q8,$Q$5:$Q$104,) -> 1 | S8: ='[5]Term 2'!$N$8 -> 0 | T8: ='[5]Term 2'!$P$8 -> 0 | U8: =SUM(S8,T8) -> 0 | V8: =_xlfn.RANK.EQ(U8,$U$5:$U$104,) -> 1 | W8: ='[6]Term 2'!$N$8 -> 0 | X8: ='[6]Term 2'!$P$8 -> 0 | Y8: =SUM(W8,X8) -> 0 | Z8: =_xlfn.RANK.EQ(Y8,$Y$5:$Y$104,) -> 1 | AA8: ='[7]Term 2'!$N$8 -> 0 | AB8: ='[7]Term 2'!$P$8 -> 0 | AC8: =SUM(AA8,AB8) -> 0 | AD8: =_xlfn.RANK.EQ(AC8,$AC$5:$AC$104,) -> 1 | AE8: ='[8]Term 2'!$N$8 -> 0 | AF8: ='[8]Term 2'!$P$8 -> 0 | AG8: =SUM(AE8,AF8) -> 0 | AH8: =_xlfn.RANK.EQ(AG8,$AG$5:$AG$104,) -> 1 | AI8: ='[9]Term 2'!$N$8 -> 0 | AJ8: ='[9]Term 2'!$P$8 -> 0 | AK8: =SUM(AI8,AJ8) -> 0 | AL8: =_xlfn.RANK.EQ(AK8,$AK$5:$AK$104,) -> 1 | AM8: ='[10]Term 2'!$N$8 -> 0 | AN8: ='[10]Term 2'!$P$8 -> 0 | AO8: =SUM(AM8,AN8) -> 0 | AP8: =_xlfn.RANK.EQ(AO8,$AO$5:$AO$104,) -> 1 | AQ8: =SUM(E8,I8,M8,Q8,U8,Y8,AC8,AG8,AK8,AO8) -> 36 | AR8: =_xlfn.RANK.EQ(AQ8,$AQ$5:$AQ$104,) -> 4 | AS8: ±
A9: O005 | C9: ='[1]Term 2'!$N$8 -> 36 | D9: ='[1]Term 2'!$P$9 -> 0 | E9: =SUM(C9,D9) -> 36 | F9: =_xlfn.RANK.EQ(E9,$E$5:$E$104,) -> 4 | G9: ='[2]Term 2'!$N$9 -> 0 | H9: ='[2]Term 2'!$P$9 -> 0 | I9: =SUM(G9,H9) -> 0 | J9: =_xlfn.RANK.EQ(I9,$I$5:$I$104,) -> 1 | K9: ='[3]Term 2'!$N$9 -> 0 | L9: ='[3]Term 2'!$P$9 -> 0 | M9: =SUM(K9,L9) -> 0 | N9: =_xlfn.RANK.EQ(M9,$M$5:$M$104,) -> 1 | O9: ='[4]Term 2'!$N$9 -> 0 | P9: ='[4]Term 2'!$P$9 -> 0 | Q9: =SUM(O9,P9) -> 0 | R9: =_xlfn.RANK.EQ(Q9,$Q$5:$Q$104,) -> 1 | S9: ='[5]Term 2'!$N$9 -> 0 | T9: ='[5]Term 2'!$P$9 -> 0 | U9: =SUM(S9,T9) -> 0 | V9: =_xlfn.RANK.EQ(U9,$U$5:$U$104,) -> 1 | W9: ='[6]Term 2'!$N$9 -> 0 | X9: ='[6]Term 2'!$P$9 -> 0 | Y9: =SUM(W9,X9) -> 0 | Z9: =_xlfn.RANK.EQ(Y9,$Y$5:$Y$104,) -> 1 | AA9: ='[7]Term 2'!$N$9 -> 0 | AB9: ='[7]Term 2'!$P$9 -> 0 | AC9: =SUM(AA9,AB9) -> 0 | AD9: =_xlfn.RANK.EQ(AC9,$AC$5:$AC$104,) -> 1 | AE9: ='[8]Term 2'!$N$9 -> 0 | AF9: ='[8]Term 2'!$P$9 -> 0 | AG9: =SUM(AE9,AF9) -> 0 | AH9: =_xlfn.RANK.EQ(AG9,$AG$5:$AG$104,) -> 1 | AI9: ='[9]Term 2'!$N$9 -> 0 | AJ9: ='[9]Term 2'!$P$9 -> 0 | AK9: =SUM(AI9,AJ9) -> 0 | AL9: =_xlfn.RANK.EQ(AK9,$AK$5:$AK$104,) -> 1 | AM9: ='[10]Term 2'!$N$9 -> 0 | AN9: ='[10]Term 2'!$P$9 -> 0 | AO9: =SUM(AM9,AN9) -> 0 | AP9: =_xlfn.RANK.EQ(AO9,$AO$5:$AO$104,) -> 1 | AQ9: =SUM(E9,I9,M9,Q9,U9,Y9,AC9,AG9,AK9,AO9) -> 36 | AR9: =_xlfn.RANK.EQ(AQ9,$AQ$5:$AQ$104,) -> 4 | AS9: ±
A10: O006 | C10: ='[1]Term 2'!$N$10 -> 0 | D10: ='[1]Term 2'!$P$10 -> 0 | E10: =SUM(C10,D10) -> 0 | F10: =_xlfn.RANK.EQ(E10,$E$5:$E$104,) -> 6 | G10: ='[2]Term 2'!$N$10 -> 0 | H10: ='[2]Term 2'!$P$10 -> 0 | I10: =SUM(G10,H10) -> 0 | J10: =_xlfn.RANK.EQ(I10,$I$5:$I$104,) -> 1 | K10: ='[3]Term 2'!$N$10 -> 0 | L10: ='[3]Term 2'!$P$10 -> 0 | M10: =SUM(K10,L10) -> 0 | N10: =_xlfn.RANK.EQ(M10,$M$5:$M$104,) -> 1 | O10: ='[4]Term 2'!$N$10 -> 0 | P10: ='[4]Term 2'!$P$10 -> 0 | Q10: =SUM(O10,P10) -> 0 | R10: =_xlfn.RANK.EQ(Q10,$Q$5:$Q$104,) -> 1 | S10: ='[5]Term 2'!$N$10 -> 0 | T10: ='[5]Term 2'!$P$10 -> 0 | U10: =SUM(S10,T10) -> 0 | V10: =_xlfn.RANK.EQ(U10,$U$5:$U$104,) -> 1 | W10: ='[6]Term 2'!$N$10 -> 0 | X10: ='[6]Term 2'!$P$10 -> 0 | Y10: =SUM(W10,X10) -> 0 | Z10: =_xlfn.RANK.EQ(Y10,$Y$5:$Y$104,) -> 1 | AA10: ='[7]Term 2'!$N$10 -> 0 | AB10: ='[7]Term 2'!$P$10 -> 0 | AC10: =SUM(AA10,AB10) -> 0 | AD10: =_xlfn.RANK.EQ(AC10,$AC$5:$AC$104,) -> 1 | AE10: ='[8]Term 2'!$N$10 -> 0 | AF10: ='[8]Term 2'!$P$10 -> 0 | AG10: =SUM(AE10,AF10) -> 0 | AH10: =_xlfn.RANK.EQ(AG10,$AG$5:$AG$104,) -> 1 | AI10: ='[9]Term 2'!$N$10 -> 0 | AJ10: ='[9]Term 2'!$P$10 -> 0 | AK10: =SUM(AI10,AJ10) -> 0 | AL10: =_xlfn.RANK.EQ(AK10,$AK$5:$AK$104,) -> 1 | AM10: ='[10]Term 2'!$N$10 -> 0 | AN10: ='[10]Term 2'!$P$10 -> 0 | AO10: =SUM(AM10,AN10) -> 0 | AP10: =_xlfn.RANK.EQ(AO10,$AO$5:$AO$104,) -> 1 | AQ10: =SUM(E10,I10,M10,Q10,U10,Y10,AC10,AG10,AK10,AO10) -> 0 | AR10: =_xlfn.RANK.EQ(AQ10,$AQ$5:$AQ$104,) -> 6 | AS10: ±
A11: O007 | C11: ='[1]Term 2'!$N$11 -> 0 | D11: ='[1]Term 2'!$P$11 -> 0 | E11: =SUM(C11,D11) -> 0 | F11: =_xlfn.RANK.EQ(E11,$E$5:$E$104,) -> 6 | G11: ='[2]Term 2'!$N$11 -> 0 | H11: ='[2]Term 2'!$P$11 -> 0 | I11: =SUM(G11,H11) -> 0 | J11: =_xlfn.RANK.EQ(I11,$I$5:$I$104,) -> 1 | K11: ='[3]Term 2'!$N$11 -> 0 | L11: ='[3]Term 2'!$P$11 -> 0 | M11: =SUM(K11,L11) -> 0 | N11: =_xlfn.RANK.EQ(M11,$M$5:$M$104,) -> 1 | O11: ='[4]Term 2'!$N$11 -> 0 | P11: ='[4]Term 2'!$P$11 -> 0 | Q11: =SUM(O11,P11) -> 0 | R11: =_xlfn.RANK.EQ(Q11,$Q$5:$Q$104,) -> 1 | S11: ='[5]Term 2'!$N$11 -> 0 | T11: ='[5]Term 2'!$P$11 -> 0 | U11: =SUM(S11,T11) -> 0 | V11: =_xlfn.RANK.EQ(U11,$U$5:$U$104,) -> 1 | W11: ='[6]Term 2'!$N$11 -> 0 | X11: ='[6]Term 2'!$P$11 -> 0 | Y11: =SUM(W11,X11) -> 0 | Z11: =_xlfn.RANK.EQ(Y11,$Y$5:$Y$104,) -> 1 | AA11: ='[7]Term 2'!$N$11 -> 0 | AB11: ='[7]Term 2'!$P$11 -> 0 | AC11: =SUM(AA11,AB11) -> 0 | AD11: =_xlfn.RANK.EQ(AC11,$AC$5:$AC$104,) -> 1 | AE11: ='[8]Term 2'!$N$11 -> 0 | AF11: ='[8]Term 2'!$P$11 -> 0 | AG11: =SUM(AE11,AF11) -> 0 | AH11: =_xlfn.RANK.EQ(AG11,$AG$5:$AG$104,) -> 1 | AI11: ='[9]Term 2'!$N$11 -> 0 | AJ11: ='[9]Term 2'!$P$11 -> 0 | AK11: =SUM(AI11,AJ11) -> 0 | AL11: =_xlfn.RANK.EQ(AK11,$AK$5:$AK$104,) -> 1 | AM11: ='[10]Term 2'!$N$11 -> 0 | AN11: ='[10]Term 2'!$P$11 -> 0 | AO11: =SUM(AM11,AN11) -> 0 | AP11: =_xlfn.RANK.EQ(AO11,$AO$5:$AO$104,) -> 1 | AQ11: =SUM(E11,I11,M11,Q11,U11,Y11,AC11,AG11,AK11,AO11) -> 0 | AR11: =_xlfn.RANK.EQ(AQ11,$AQ$5:$AQ$104,) -> 6 | AS11: ±
A12: O008 | C12: ='[1]Term 2'!$N$12 -> 0 | D12: ='[1]Term 2'!$P$12 -> 0 | E12: =SUM(C12,D12) -> 0 | F12: =_xlfn.RANK.EQ(E12,$E$5:$E$104,) -> 6 | G12: ='[2]Term 2'!$N$12 -> 0 | H12: ='[2]Term 2'!$P$12 -> 0 | I12: =SUM(G12,H12) -> 0 | J12: =_xlfn.RANK.EQ(I12,$I$5:$I$104,) -> 1 | K12: ='[3]Term 2'!$N$12 -> 0 | L12: ='[3]Term 2'!$P$12 -> 0 | M12: =SUM(K12,L12) -> 0 | N12: =_xlfn.RANK.EQ(M12,$M$5:$M$104,) -> 1 | O12: ='[4]Term 2'!$N$12 -> 0 | P12: ='[4]Term 2'!$P$12 -> 0 | Q12: =SUM(O12,P12) -> 0 | R12: =_xlfn.RANK.EQ(Q12,$Q$5:$Q$104,) -> 1 | S12: ='[5]Term 2'!$N$12 -> 0 | T12: ='[5]Term 2'!$P$12 -> 0 | U12: =SUM(S12,T12) -> 0 | V12: =_xlfn.RANK.EQ(U12,$U$5:$U$104,) -> 1 | W12: ='[6]Term 2'!$N$12 -> 0 | X12: ='[6]Term 2'!$P$12 -> 0 | Y12: =SUM(W12,X12) -> 0 | Z12: =_xlfn.RANK.EQ(Y12,$Y$5:$Y$104,) -> 1 | AA12: ='[7]Term 2'!$N$12 -> 0 | AB12: ='[7]Term 2'!$P$12 -> 0 | AC12: =SUM(AA12,AB12) -> 0 | AD12: =_xlfn.RANK.EQ(AC12,$AC$5:$AC$104,) -> 1 | AE12: ='[8]Term 2'!$N$12 -> 0 | AF12: ='[8]Term 2'!$P$12 -> 0 | AG12: =SUM(AE12,AF12) -> 0 | AH12: =_xlfn.RANK.EQ(AG12,$AG$5:$AG$104,) -> 1 | AI12: ='[9]Term 2'!$N$12 -> 0 | AJ12: ='[9]Term 2'!$P$12 -> 0 | AK12: =SUM(AI12,AJ12) -> 0 | AL12: =_xlfn.RANK.EQ(AK12,$AK$5:$AK$104,) -> 1 | AM12: ='[10]Term 2'!$N$12 -> 0 | AN12: ='[10]Term 2'!$P$12 -> 0 | AO12: =SUM(AM12,AN12) -> 0 | AP12: =_xlfn.RANK.EQ(AO12,$AO$5:$AO$104,) -> 1 | AQ12: =SUM(E12,I12,M12,Q12,U12,Y12,AC12,AG12,AK12,AO12) -> 0 | AR12: =_xlfn.RANK.EQ(AQ12,$AQ$5:$AQ$104,) -> 6 | AS12: ±
A13: O009 | C13: ='[1]Term 2'!$N$13 -> 0 | D13: ='[1]Term 2'!$P$13 -> 0 | E13: =SUM(C13,D13) -> 0 | F13: =_xlfn.RANK.EQ(E13,$E$5:$E$104,) -> 6 | G13: ='[2]Term 2'!$N$13 -> 0 | H13: ='[2]Term 2'!$P$13 -> 0 | I13: =SUM(G13,H13) -> 0 | J13: =_xlfn.RANK.EQ(I13,$I$5:$I$104,) -> 1 | K13: ='[3]Term 2'!$N$13 -> 0 | L13: ='[3]Term 2'!$P$13 -> 0 | M13: =SUM(K13,L13) -> 0 | N13: =_xlfn.RANK.EQ(M13,$M$5:$M$104,) -> 1 | O13: ='[4]Term 2'!$N$13 -> 0 | P13: ='[4]Term 2'!$P$13 -> 0 | Q13: =SUM(O13,P13) -> 0 | R13: =_xlfn.RANK.EQ(Q13,$Q$5:$Q$104,) -> 1 | S13: ='[5]Term 2'!$N$13 -> 0 | T13: ='[5]Term 2'!$P$13 -> 0 | U13: =SUM(S13,T13) -> 0 | V13: =_xlfn.RANK.EQ(U13,$U$5:$U$104,) -> 1 | W13: ='[6]Term 2'!$N$13 -> 0 | X13: ='[6]Term 2'!$P$13 -> 0 | Y13: =SUM(W13,X13) -> 0 | Z13: =_xlfn.RANK.EQ(Y13,$Y$5:$Y$104,) -> 1 | AA13: ='[7]Term 2'!$N$13 -> 0 | AB13: ='[7]Term 2'!$P$13 -> 0 | AC13: =SUM(AA13,AB13) -> 0 | AD13: =_xlfn.RANK.EQ(AC13,$AC$5:$AC$104,) -> 1 | AE13: ='[8]Term 2'!$N$13 -> 0 | AF13: ='[8]Term 2'!$P$13 -> 0 | AG13: =SUM(AE13,AF13) -> 0 | AH13: =_xlfn.RANK.EQ(AG13,$AG$5:$AG$104,) -> 1 | AI13: ='[9]Term 2'!$N$13 -> 0 | AJ13: ='[9]Term 2'!$P$13 -> 0 | AK13: =SUM(AI13,AJ13) -> 0 | AL13: =_xlfn.RANK.EQ(AK13,$AK$5:$AK$104,) -> 1 | AM13: ='[10]Term 2'!$N$13 -> 0 | AN13: ='[10]Term 2'!$P$13 -> 0 | AO13: =SUM(AM13,AN13) -> 0 | AP13: =_xlfn.RANK.EQ(AO13,$AO$5:$AO$104,) -> 1 | AQ13: =SUM(E13,I13,M13,Q13,U13,Y13,AC13,AG13,AK13,AO13) -> 0 | AR13: =_xlfn.RANK.EQ(AQ13,$AQ$5:$AQ$104,) -> 6 | AS13: ±
A14: O010 | C14: ='[1]Term 2'!$N$14 -> 0 | D14: ='[1]Term 2'!$P$14 -> 0 | E14: =SUM(C14,D14) -> 0 | F14: =_xlfn.RANK.EQ(E14,$E$5:$E$104,) -> 6 | G14: ='[2]Term 2'!$N$14 -> 0 | H14: ='[2]Term 2'!$P$14 -> 0 | I14: =SUM(G14,H14) -> 0 | J14: =_xlfn.RANK.EQ(I14,$I$5:$I$104,) -> 1 | K14: ='[3]Term 2'!$N$14 -> 0 | L14: ='[3]Term 2'!$P$14 -> 0 | M14: =SUM(K14,L14) -> 0 | N14: =_xlfn.RANK.EQ(M14,$M$5:$M$104,) -> 1 | O14: ='[4]Term 2'!$N$14 -> 0 | P14: ='[4]Term 2'!$P$14 -> 0 | Q14: =SUM(O14,P14) -> 0 | R14: =_xlfn.RANK.EQ(Q14,$Q$5:$Q$104,) -> 1 | S14: ='[5]Term 2'!$N$14 -> 0 | T14: ='[5]Term 2'!$P$14 -> 0 | U14: =SUM(S14,T14) -> 0 | V14: =_xlfn.RANK.EQ(U14,$U$5:$U$104,) -> 1 | W14: ='[6]Term 2'!$N$14 -> 0 | X14: ='[6]Term 2'!$P$14 -> 0 | Y14: =SUM(W14,X14) -> 0 | Z14: =_xlfn.RANK.EQ(Y14,$Y$5:$Y$104,) -> 1 | AA14: ='[7]Term 2'!$N$14 -> 0 | AB14: ='[7]Term 2'!$P$14 -> 0 | AC14: =SUM(AA14,AB14) -> 0 | AD14: =_xlfn.RANK.EQ(AC14,$AC$5:$AC$104,) -> 1 | AE14: ='[8]Term 2'!$N$14 -> 0 | AF14: ='[8]Term 2'!$P$14 -> 0 | AG14: =SUM(AE14,AF14) -> 0 | AH14: =_xlfn.RANK.EQ(AG14,$AG$5:$AG$104,) -> 1 | AI14: ='[9]Term 2'!$N$14 -> 0 | AJ14: ='[9]Term 2'!$P$14 -> 0 | AK14: =SUM(AI14,AJ14) -> 0 | AL14: =_xlfn.RANK.EQ(AK14,$AK$5:$AK$104,) -> 1 | AM14: ='[10]Term 2'!$N$14 -> 0 | AN14: ='[10]Term 2'!$P$14 -> 0 | AO14: =SUM(AM14,AN14) -> 0 | AP14: =_xlfn.RANK.EQ(AO14,$AO$5:$AO$104,) -> 1 | AQ14: =SUM(E14,I14,M14,Q14,U14,Y14,AC14,AG14,AK14,AO14) -> 0 | AR14: =_xlfn.RANK.EQ(AQ14,$AQ$5:$AQ$104,) -> 6 | AS14: ±
A15: O011 | C15: ='[1]Term 2'!$N$15 -> 0 | D15: ='[1]Term 2'!$P$15 -> 0 | E15: =SUM(C15,D15) -> 0 | F15: =_xlfn.RANK.EQ(E15,$E$5:$E$104,) -> 6 | G15: ='[2]Term 2'!$N$15 -> 0 | H15: ='[2]Term 2'!$P$15 -> 0 | I15: =SUM(G15,H15) -> 0 | J15: =_xlfn.RANK.EQ(I15,$I$5:$I$104,) -> 1 | K15: ='[3]Term 2'!$N$15 -> 0 | L15: ='[3]Term 2'!$P$15 -> 0 | M15: =SUM(K15,L15) -> 0 | N15: =_xlfn.RANK.EQ(M15,$M$5:$M$104,) -> 1 | O15: ='[4]Term 2'!$N$15 -> 0 | P15: ='[4]Term 2'!$P$15 -> 0 | Q15: =SUM(O15,P15) -> 0 | R15: =_xlfn.RANK.EQ(Q15,$Q$5:$Q$104,) -> 1 | S15: ='[5]Term 2'!$N$15 -> 0 | T15: ='[5]Term 2'!$P$15 -> 0 | U15: =SUM(S15,T15) -> 0 | V15: =_xlfn.RANK.EQ(U15,$U$5:$U$104,) -> 1 | W15: ='[6]Term 2'!$N$15 -> 0 | X15: ='[6]Term 2'!$P$15 -> 0 | Y15: =SUM(W15,X15) -> 0 | Z15: =_xlfn.RANK.EQ(Y15,$Y$5:$Y$104,) -> 1 | AA15: ='[7]Term 2'!$N$15 -> 0 | AB15: ='[7]Term 2'!$P$15 -> 0 | AC15: =SUM(AA15,AB15) -> 0 | AD15: =_xlfn.RANK.EQ(AC15,$AC$5:$AC$104,) -> 1 | AE15: ='[8]Term 2'!$N$15 -> 0 | AF15: ='[8]Term 2'!$P$15 -> 0 | AG15: =SUM(AE15,AF15) -> 0 | AH15: =_xlfn.RANK.EQ(AG15,$AG$5:$AG$104,) -> 1 | AI15: ='[9]Term 2'!$N$15 -> 0 | AJ15: ='[9]Term 2'!$P$15 -> 0 | AK15: =SUM(AI15,AJ15) -> 0 | AL15: =_xlfn.RANK.EQ(AK15,$AK$5:$AK$104,) -> 1 | AM15: ='[10]Term 2'!$N$15 -> 0 | AN15: ='[10]Term 2'!$P$15 -> 0 | AO15: =SUM(AM15,AN15) -> 0 | AP15: =_xlfn.RANK.EQ(AO15,$AO$5:$AO$104,) -> 1 | AQ15: =SUM(E15,I15,M15,Q15,U15,Y15,AC15,AG15,AK15,AO15) -> 0 | AR15: =_xlfn.RANK.EQ(AQ15,$AQ$5:$AQ$104,) -> 6 | AS15: ±
A16: O012 | C16: ='[1]Term 2'!$N$16 -> 0 | D16: ='[1]Term 2'!$P$16 -> 0 | E16: =SUM(C16,D16) -> 0 | F16: =_xlfn.RANK.EQ(E16,$E$5:$E$104,) -> 6 | G16: ='[2]Term 2'!$N$16 -> 0 | H16: ='[2]Term 2'!$P$16 -> 0 | I16: =SUM(G16,H16) -> 0 | J16: =_xlfn.RANK.EQ(I16,$I$5:$I$104,) -> 1 | K16: ='[3]Term 2'!$N$16 -> 0 | L16: ='[3]Term 2'!$P$16 -> 0 | M16: =SUM(K16,L16) -> 0 | N16: =_xlfn.RANK.EQ(M16,$M$5:$M$104,) -> 1 | O16: ='[4]Term 2'!$N$16 -> 0 | P16: ='[4]Term 2'!$P$16 -> 0 | Q16: =SUM(O16,P16) -> 0 | R16: =_xlfn.RANK.EQ(Q16,$Q$5:$Q$104,) -> 1 | S16: ='[5]Term 2'!$N$16 -> 0 | T16: ='[5]Term 2'!$P$16 -> 0 | U16: =SUM(S16,T16) -> 0 | V16: =_xlfn.RANK.EQ(U16,$U$5:$U$104,) -> 1 | W16: ='[6]Term 2'!$N$16 -> 0 | X16: ='[6]Term 2'!$P$16 -> 0 | Y16: =SUM(W16,X16) -> 0 | Z16: =_xlfn.RANK.EQ(Y16,$Y$5:$Y$104,) -> 1 | AA16: ='[7]Term 2'!$N$16 -> 0 | AB16: ='[7]Term 2'!$P$16 -> 0 | AC16: =SUM(AA16,AB16) -> 0 | AD16: =_xlfn.RANK.EQ(AC16,$AC$5:$AC$104,) -> 1 | AE16: ='[8]Term 2'!$N$16 -> 0 | AF16: ='[8]Term 2'!$P$16 -> 0 | AG16: =SUM(AE16,AF16) -> 0 | AH16: =_xlfn.RANK.EQ(AG16,$AG$5:$AG$104,) -> 1 | AI16: ='[9]Term 2'!$N$16 -> 0 | AJ16: ='[9]Term 2'!$P$16 -> 0 | AK16: =SUM(AI16,AJ16) -> 0 | AL16: =_xlfn.RANK.EQ(AK16,$AK$5:$AK$104,) -> 1 | AM16: ='[10]Term 2'!$N$16 -> 0 | AN16: ='[10]Term 2'!$P$16 -> 0 | AO16: =SUM(AM16,AN16) -> 0 | AP16: =_xlfn.RANK.EQ(AO16,$AO$5:$AO$104,) -> 1 | AQ16: =SUM(E16,I16,M16,Q16,U16,Y16,AC16,AG16,AK16,AO16) -> 0 | AR16: =_xlfn.RANK.EQ(AQ16,$AQ$5:$AQ$104,) -> 6 | AS16: ±
A17: O013 | C17: ='[1]Term 2'!$N$17 -> 0 | D17: ='[1]Term 2'!$P$17 -> 0 | E17: =SUM(C17,D17) -> 0 | F17: =_xlfn.RANK.EQ(E17,$E$5:$E$104,) -> 6 | G17: ='[2]Term 2'!$N$17 -> 0 | H17: ='[2]Term 2'!$P$17 -> 0 | I17: =SUM(G17,H17) -> 0 | J17: =_xlfn.RANK.EQ(I17,$I$5:$I$104,) -> 1 | K17: ='[3]Term 2'!$N$17 -> 0 | L17: ='[3]Term 2'!$P$17 -> 0 | M17: =SUM(K17,L17) -> 0 | N17: =_xlfn.RANK.EQ(M17,$M$5:$M$104,) -> 1 | O17: ='[4]Term 2'!$N$17 -> 0 | P17: ='[4]Term 2'!$P$17 -> 0 | Q17: =SUM(O17,P17) -> 0 | R17: =_xlfn.RANK.EQ(Q17,$Q$5:$Q$104,) -> 1 | S17: ='[5]Term 2'!$N$17 -> 0 | T17: ='[5]Term 2'!$P$17 -> 0 | U17: =SUM(S17,T17) -> 0 | V17: =_xlfn.RANK.EQ(U17,$U$5:$U$104,) -> 1 | W17: ='[6]Term 2'!$N$17 -> 0 | X17: ='[6]Term 2'!$P$17 -> 0 | Y17: =SUM(W17,X17) -> 0 | Z17: =_xlfn.RANK.EQ(Y17,$Y$5:$Y$104,) -> 1 | AA17: ='[7]Term 2'!$N$17 -> 0 | AB17: ='[7]Term 2'!$P$17 -> 0 | AC17: =SUM(AA17,AB17) -> 0 | AD17: =_xlfn.RANK.EQ(AC17,$AC$5:$AC$104,) -> 1 | AE17: ='[8]Term 2'!$N$17 -> 0 | AF17: ='[8]Term 2'!$P$17 -> 0 | AG17: =SUM(AE17,AF17) -> 0 | AH17: =_xlfn.RANK.EQ(AG17,$AG$5:$AG$104,) -> 1 | AI17: ='[9]Term 2'!$N$17 -> 0 | AJ17: ='[9]Term 2'!$P$17 -> 0 | AK17: =SUM(AI17,AJ17) -> 0 | AL17: =_xlfn.RANK.EQ(AK17,$AK$5:$AK$104,) -> 1 | AM17: ='[10]Term 2'!$N$17 -> 0 | AN17: ='[10]Term 2'!$P$17 -> 0 | AO17: =SUM(AM17,AN17) -> 0 | AP17: =_xlfn.RANK.EQ(AO17,$AO$5:$AO$104,) -> 1 | AQ17: =SUM(E17,I17,M17,Q17,U17,Y17,AC17,AG17,AK17,AO17) -> 0 | AR17: =_xlfn.RANK.EQ(AQ17,$AQ$5:$AQ$104,) -> 6 | AS17: ±
A18: O014 | C18: ='[1]Term 2'!$N$18 -> 0 | D18: ='[1]Term 2'!$P$18 -> 0 | E18: =SUM(C18,D18) -> 0 | F18: =_xlfn.RANK.EQ(E18,$E$5:$E$104,) -> 6 | G18: ='[2]Term 2'!$N$18 -> 0 | H18: ='[2]Term 2'!$P$18 -> 0 | I18: =SUM(G18,H18) -> 0 | J18: =_xlfn.RANK.EQ(I18,$I$5:$I$104,) -> 1 | K18: ='[3]Term 2'!$N$18 -> 0 | L18: ='[3]Term 2'!$P$18 -> 0 | M18: =SUM(K18,L18) -> 0 | N18: =_xlfn.RANK.EQ(M18,$M$5:$M$104,) -> 1 | O18: ='[4]Term 2'!$N$18 -> 0 | P18: ='[4]Term 2'!$P$18 -> 0 | Q18: =SUM(O18,P18) -> 0 | R18: =_xlfn.RANK.EQ(Q18,$Q$5:$Q$104,) -> 1 | S18: ='[5]Term 2'!$N$18 -> 0 | T18: ='[5]Term 2'!$P$18 -> 0 | U18: =SUM(S18,T18) -> 0 | V18: =_xlfn.RANK.EQ(U18,$U$5:$U$104,) -> 1 | W18: ='[6]Term 2'!$N$18 -> 0 | X18: ='[6]Term 2'!$P$18 -> 0 | Y18: =SUM(W18,X18) -> 0 | Z18: =_xlfn.RANK.EQ(Y18,$Y$5:$Y$104,) -> 1 | AA18: ='[7]Term 2'!$N$18 -> 0 | AB18: ='[7]Term 2'!$P$18 -> 0 | AC18: =SUM(AA18,AB18) -> 0 | AD18: =_xlfn.RANK.EQ(AC18,$AC$5:$AC$104,) -> 1 | AE18: ='[8]Term 2'!$N$18 -> 0 | AF18: ='[8]Term 2'!$P$18 -> 0 | AG18: =SUM(AE18,AF18) -> 0 | AH18: =_xlfn.RANK.EQ(AG18,$AG$5:$AG$104,) -> 1 | AI18: ='[9]Term 2'!$N$18 -> 0 | AJ18: ='[9]Term 2'!$P$18 -> 0 | AK18: =SUM(AI18,AJ18) -> 0 | AL18: =_xlfn.RANK.EQ(AK18,$AK$5:$AK$104,) -> 1 | AM18: ='[10]Term 2'!$N$18 -> 0 | AN18: ='[10]Term 2'!$P$18 -> 0 | AO18: =SUM(AM18,AN18) -> 0 | AP18: =_xlfn.RANK.EQ(AO18,$AO$5:$AO$104,) -> 1 | AQ18: =SUM(E18,I18,M18,Q18,U18,Y18,AC18,AG18,AK18,AO18) -> 0 | AR18: =_xlfn.RANK.EQ(AQ18,$AQ$5:$AQ$104,) -> 6 | AS18: ±
A19: O015 | C19: ='[1]Term 2'!$N$19 -> 0 | D19: ='[1]Term 2'!$P$19 -> 0 | E19: =SUM(C19,D19) -> 0 | F19: =_xlfn.RANK.EQ(E19,$E$5:$E$104,) -> 6 | G19: ='[2]Term 2'!$N$19 -> 0 | H19: ='[2]Term 2'!$P$19 -> 0 | I19: =SUM(G19,H19) -> 0 | J19: =_xlfn.RANK.EQ(I19,$I$5:$I$104,) -> 1 | K19: ='[3]Term 2'!$N$19 -> 0 | L19: ='[3]Term 2'!$P$19 -> 0 | M19: =SUM(K19,L19) -> 0 | N19: =_xlfn.RANK.EQ(M19,$M$5:$M$104,) -> 1 | O19: ='[4]Term 2'!$N$19 -> 0 | P19: ='[4]Term 2'!$P$19 -> 0 | Q19: =SUM(O19,P19) -> 0 | R19: =_xlfn.RANK.EQ(Q19,$Q$5:$Q$104,) -> 1 | S19: ='[5]Term 2'!$N$19 -> 0 | T19: ='[5]Term 2'!$P$19 -> 0 | U19: =SUM(S19,T19) -> 0 | V19: =_xlfn.RANK.EQ(U19,$U$5:$U$104,) -> 1 | W19: ='[6]Term 2'!$N$19 -> 0 | X19: ='[6]Term 2'!$P$19 -> 0 | Y19: =SUM(W19,X19) -> 0 | Z19: =_xlfn.RANK.EQ(Y19,$Y$5:$Y$104,) -> 1 | AA19: ='[7]Term 2'!$N$19 -> 0 | AB19: ='[7]Term 2'!$P$19 -> 0 | AC19: =SUM(AA19,AB19) -> 0 | AD19: =_xlfn.RANK.EQ(AC19,$AC$5:$AC$104,) -> 1 | AE19: ='[8]Term 2'!$N$19 -> 0 | AF19: ='[8]Term 2'!$P$19 -> 0 | AG19: =SUM(AE19,AF19) -> 0 | AH19: =_xlfn.RANK.EQ(AG19,$AG$5:$AG$104,) -> 1 | AI19: ='[9]Term 2'!$N$19 -> 0 | AJ19: ='[9]Term 2'!$P$19 -> 0 | AK19: =SUM(AI19,AJ19) -> 0 | AL19: =_xlfn.RANK.EQ(AK19,$AK$5:$AK$104,) -> 1 | AM19: ='[10]Term 2'!$N$19 -> 0 | AN19: ='[10]Term 2'!$P$19 -> 0 | AO19: =SUM(AM19,AN19) -> 0 | AP19: =_xlfn.RANK.EQ(AO19,$AO$5:$AO$104,) -> 1 | AQ19: =SUM(E19,I19,M19,Q19,U19,Y19,AC19,AG19,AK19,AO19) -> 0 | AR19: =_xlfn.RANK.EQ(AQ19,$AQ$5:$AQ$104,) -> 6 | AS19: ±
A20: O016 | C20: ='[1]Term 2'!$N$20 -> 0 | D20: ='[1]Term 2'!$P$20 -> 0 | E20: =SUM(C20,D20) -> 0 | F20: =_xlfn.RANK.EQ(E20,$E$5:$E$104,) -> 6 | G20: ='[2]Term 2'!$N$20 -> 0 | H20: ='[2]Term 2'!$P$20 -> 0 | I20: =SUM(G20,H20) -> 0 | J20: =_xlfn.RANK.EQ(I20,$I$5:$I$104,) -> 1 | K20: ='[3]Term 2'!$N$20 -> 0 | L20: ='[3]Term 2'!$P$20 -> 0 | M20: =SUM(K20,L20) -> 0 | N20: =_xlfn.RANK.EQ(M20,$M$5:$M$104,) -> 1 | O20: ='[4]Term 2'!$N$20 -> 0 | P20: ='[4]Term 2'!$P$20 -> 0 | Q20: =SUM(O20,P20) -> 0 | R20: =_xlfn.RANK.EQ(Q20,$Q$5:$Q$104,) -> 1 | S20: ='[5]Term 2'!$N$20 -> 0 | T20: ='[5]Term 2'!$P$20 -> 0 | U20: =SUM(S20,T20) -> 0 | V20: =_xlfn.RANK.EQ(U20,$U$5:$U$104,) -> 1 | W20: ='[6]Term 2'!$N$20 -> 0 | X20: ='[6]Term 2'!$P$20 -> 0 | Y20: =SUM(W20,X20) -> 0 | Z20: =_xlfn.RANK.EQ(Y20,$Y$5:$Y$104,) -> 1 | AA20: ='[7]Term 2'!$N$20 -> 0 | AB20: ='[7]Term 2'!$P$20 -> 0 | AC20: =SUM(AA20,AB20) -> 0 | AD20: =_xlfn.RANK.EQ(AC20,$AC$5:$AC$104,) -> 1 | AE20: ='[8]Term 2'!$N$20 -> 0 | AF20: ='[8]Term 2'!$P$20 -> 0 | AG20: =SUM(AE20,AF20) -> 0 | AH20: =_xlfn.RANK.EQ(AG20,$AG$5:$AG$104,) -> 1 | AI20: ='[9]Term 2'!$N$20 -> 0 | AJ20: ='[9]Term 2'!$P$20 -> 0 | AK20: =SUM(AI20,AJ20) -> 0 | AL20: =_xlfn.RANK.EQ(AK20,$AK$5:$AK$104,) -> 1 | AM20: ='[10]Term 2'!$N$20 -> 0 | AN20: ='[10]Term 2'!$P$20 -> 0 | AO20: =SUM(AM20,AN20) -> 0 | AP20: =_xlfn.RANK.EQ(AO20,$AO$5:$AO$104,) -> 1 | AQ20: =SUM(E20,I20,M20,Q20,U20,Y20,AC20,AG20,AK20,AO20) -> 0 | AR20: =_xlfn.RANK.EQ(AQ20,$AQ$5:$AQ$104,) -> 6 | AS20: ±
A21: O017 | C21: ='[1]Term 2'!$N$21 -> 0 | D21: ='[1]Term 2'!$P$21 -> 0 | E21: =SUM(C21,D21) -> 0 | F21: =_xlfn.RANK.EQ(E21,$E$5:$E$104,) -> 6 | G21: ='[2]Term 2'!$N$21 -> 0 | H21: ='[2]Term 2'!$P$21 -> 0 | I21: =SUM(G21,H21) -> 0 | J21: =_xlfn.RANK.EQ(I21,$I$5:$I$104,) -> 1 | K21: ='[3]Term 2'!$N$21 -> 0 | L21: ='[3]Term 2'!$P$21 -> 0 | M21: =SUM(K21,L21) -> 0 | N21: =_xlfn.RANK.EQ(M21,$M$5:$M$104,) -> 1 | O21: ='[4]Term 2'!$N$21 -> 0 | P21: ='[4]Term 2'!$P$21 -> 0 | Q21: =SUM(O21,P21) -> 0 | R21: =_xlfn.RANK.EQ(Q21,$Q$5:$Q$104,) -> 1 | S21: ='[5]Term 2'!$N$21 -> 0 | T21: ='[5]Term 2'!$P$21 -> 0 | U21: =SUM(S21,T21) -> 0 | V21: =_xlfn.RANK.EQ(U21,$U$5:$U$104,) -> 1 | W21: ='[6]Term 2'!$N$21 -> 0 | X21: ='[6]Term 2'!$P$21 -> 0 | Y21: =SUM(W21,X21) -> 0 | Z21: =_xlfn.RANK.EQ(Y21,$Y$5:$Y$104,) -> 1 | AA21: ='[7]Term 2'!$N$21 -> 0 | AB21: ='[7]Term 2'!$P$21 -> 0 | AC21: =SUM(AA21,AB21) -> 0 | AD21: =_xlfn.RANK.EQ(AC21,$AC$5:$AC$104,) -> 1 | AE21: ='[8]Term 2'!$N$21 -> 0 | AF21: ='[8]Term 2'!$P$21 -> 0 | AG21: =SUM(AE21,AF21) -> 0 | AH21: =_xlfn.RANK.EQ(AG21,$AG$5:$AG$104,) -> 1 | AI21: ='[9]Term 2'!$N$21 -> 0 | AJ21: ='[9]Term 2'!$P$21 -> 0 | AK21: =SUM(AI21,AJ21) -> 0 | AL21: =_xlfn.RANK.EQ(AK21,$AK$5:$AK$104,) -> 1 | AM21: ='[10]Term 2'!$N$21 -> 0 | AN21: ='[10]Term 2'!$P$21 -> 0 | AO21: =SUM(AM21,AN21) -> 0 | AP21: =_xlfn.RANK.EQ(AO21,$AO$5:$AO$104,) -> 1 | AQ21: =SUM(E21,I21,M21,Q21,U21,Y21,AC21,AG21,AK21,AO21) -> 0 | AR21: =_xlfn.RANK.EQ(AQ21,$AQ$5:$AQ$104,) -> 6 | AS21: ±
A22: O018 | C22: ='[1]Term 2'!$N$22 -> 0 | D22: ='[1]Term 2'!$P$22 -> 0 | E22: =SUM(C22,D22) -> 0 | F22: =_xlfn.RANK.EQ(E22,$E$5:$E$104,) -> 6 | G22: ='[2]Term 2'!$N$22 -> 0 | H22: ='[2]Term 2'!$P$22 -> 0 | I22: =SUM(G22,H22) -> 0 | J22: =_xlfn.RANK.EQ(I22,$I$5:$I$104,) -> 1 | K22: ='[3]Term 2'!$N$22 -> 0 | L22: ='[3]Term 2'!$P$22 -> 0 | M22: =SUM(K22,L22) -> 0 | N22: =_xlfn.RANK.EQ(M22,$M$5:$M$104,) -> 1 | O22: ='[4]Term 2'!$N$22 -> 0 | P22: ='[4]Term 2'!$P$22 -> 0 | Q22: =SUM(O22,P22) -> 0 | R22: =_xlfn.RANK.EQ(Q22,$Q$5:$Q$104,) -> 1 | S22: ='[5]Term 2'!$N$22 -> 0 | T22: ='[5]Term 2'!$P$22 -> 0 | U22: =SUM(S22,T22) -> 0 | V22: =_xlfn.RANK.EQ(U22,$U$5:$U$104,) -> 1 | W22: ='[6]Term 2'!$N$22 -> 0 | X22: ='[6]Term 2'!$P$22 -> 0 | Y22: =SUM(W22,X22) -> 0 | Z22: =_xlfn.RANK.EQ(Y22,$Y$5:$Y$104,) -> 1 | AA22: ='[7]Term 2'!$N$22 -> 0 | AB22: ='[7]Term 2'!$P$22 -> 0 | AC22: =SUM(AA22,AB22) -> 0 | AD22: =_xlfn.RANK.EQ(AC22,$AC$5:$AC$104,) -> 1 | AE22: ='[8]Term 2'!$N$22 -> 0 | AF22: ='[8]Term 2'!$P$22 -> 0 | AG22: =SUM(AE22,AF22) -> 0 | AH22: =_xlfn.RANK.EQ(AG22,$AG$5:$AG$104,) -> 1 | AI22: ='[9]Term 2'!$N$22 -> 0 | AJ22: ='[9]Term 2'!$P$22 -> 0 | AK22: =SUM(AI22,AJ22) -> 0 | AL22: =_xlfn.RANK.EQ(AK22,$AK$5:$AK$104,) -> 1 | AM22: ='[10]Term 2'!$N$22 -> 0 | AN22: ='[10]Term 2'!$P$22 -> 0 | AO22: =SUM(AM22,AN22) -> 0 | AP22: =_xlfn.RANK.EQ(AO22,$AO$5:$AO$104,) -> 1 | AQ22: =SUM(E22,I22,M22,Q22,U22,Y22,AC22,AG22,AK22,AO22) -> 0 | AR22: =_xlfn.RANK.EQ(AQ22,$AQ$5:$AQ$104,) -> 6 | AS22: ±
A23: O019 | C23: ='[1]Term 2'!$N$23 -> 0 | D23: ='[1]Term 2'!$P$23 -> 0 | E23: =SUM(C23,D23) -> 0 | F23: =_xlfn.RANK.EQ(E23,$E$5:$E$104,) -> 6 | G23: ='[2]Term 2'!$N$23 -> 0 | H23: ='[2]Term 2'!$P$23 -> 0 | I23: =SUM(G23,H23) -> 0 | J23: =_xlfn.RANK.EQ(I23,$I$5:$I$104,) -> 1 | K23: ='[3]Term 2'!$N$23 -> 0 | L23: ='[3]Term 2'!$P$23 -> 0 | M23: =SUM(K23,L23) -> 0 | N23: =_xlfn.RANK.EQ(M23,$M$5:$M$104,) -> 1 | O23: ='[4]Term 2'!$N$23 -> 0 | P23: ='[4]Term 2'!$P$23 -> 0 | Q23: =SUM(O23,P23) -> 0 | R23: =_xlfn.RANK.EQ(Q23,$Q$5:$Q$104,) -> 1 | S23: ='[5]Term 2'!$N$23 -> 0 | T23: ='[5]Term 2'!$P$23 -> 0 | U23: =SUM(S23,T23) -> 0 | V23: =_xlfn.RANK.EQ(U23,$U$5:$U$104,) -> 1 | W23: ='[6]Term 2'!$N$23 -> 0 | X23: ='[6]Term 2'!$P$23 -> 0 | Y23: =SUM(W23,X23) -> 0 | Z23: =_xlfn.RANK.EQ(Y23,$Y$5:$Y$104,) -> 1 | AA23: ='[7]Term 2'!$N$23 -> 0 | AB23: ='[7]Term 2'!$P$23 -> 0 | AC23: =SUM(AA23,AB23) -> 0 | AD23: =_xlfn.RANK.EQ(AC23,$AC$5:$AC$104,) -> 1 | AE23: ='[8]Term 2'!$N$23 -> 0 | AF23: ='[8]Term 2'!$P$23 -> 0 | AG23: =SUM(AE23,AF23) -> 0 | AH23: =_xlfn.RANK.EQ(AG23,$AG$5:$AG$104,) -> 1 | AI23: ='[9]Term 2'!$N$23 -> 0 | AJ23: ='[9]Term 2'!$P$23 -> 0 | AK23: =SUM(AI23,AJ23) -> 0 | AL23: =_xlfn.RANK.EQ(AK23,$AK$5:$AK$104,) -> 1 | AM23: ='[10]Term 2'!$N$23 -> 0 | AN23: ='[10]Term 2'!$P$23 -> 0 | AO23: =SUM(AM23,AN23) -> 0 | AP23: =_xlfn.RANK.EQ(AO23,$AO$5:$AO$104,) -> 1 | AQ23: =SUM(E23,I23,M23,Q23,U23,Y23,AC23,AG23,AK23,AO23) -> 0 | AR23: =_xlfn.RANK.EQ(AQ23,$AQ$5:$AQ$104,) -> 6 | AS23: ±
A24: O020 | C24: ='[1]Term 2'!$N$24 -> 0 | D24: ='[1]Term 2'!$P$24 -> 0 | E24: =SUM(C24,D24) -> 0 | F24: =_xlfn.RANK.EQ(E24,$E$5:$E$104,) -> 6 | G24: ='[2]Term 2'!$N$24 -> 0 | H24: ='[2]Term 2'!$P$24 -> 0 | I24: =SUM(G24,H24) -> 0 | J24: =_xlfn.RANK.EQ(I24,$I$5:$I$104,) -> 1 | K24: ='[3]Term 2'!$N$24 -> 0 | L24: ='[3]Term 2'!$P$24 -> 0 | M24: =SUM(K24,L24) -> 0 | N24: =_xlfn.RANK.EQ(M24,$M$5:$M$104,) -> 1 | O24: ='[4]Term 2'!$N$24 -> 0 | P24: ='[4]Term 2'!$P$24 -> 0 | Q24: =SUM(O24,P24) -> 0 | R24: =_xlfn.RANK.EQ(Q24,$Q$5:$Q$104,) -> 1 | S24: ='[5]Term 2'!$N$24 -> 0 | T24: ='[5]Term 2'!$P$24 -> 0 | U24: =SUM(S24,T24) -> 0 | V24: =_xlfn.RANK.EQ(U24,$U$5:$U$104,) -> 1 | W24: ='[6]Term 2'!$N$24 -> 0 | X24: ='[6]Term 2'!$P$24 -> 0 | Y24: =SUM(W24,X24) -> 0 | Z24: =_xlfn.RANK.EQ(Y24,$Y$5:$Y$104,) -> 1 | AA24: ='[7]Term 2'!$N$24 -> 0 | AB24: ='[7]Term 2'!$P$24 -> 0 | AC24: =SUM(AA24,AB24) -> 0 | AD24: =_xlfn.RANK.EQ(AC24,$AC$5:$AC$104,) -> 1 | AE24: ='[8]Term 2'!$N$24 -> 0 | AF24: ='[8]Term 2'!$P$24 -> 0 | AG24: =SUM(AE24,AF24) -> 0 | AH24: =_xlfn.RANK.EQ(AG24,$AG$5:$AG$104,) -> 1 | AI24: ='[9]Term 2'!$N$24 -> 0 | AJ24: ='[9]Term 2'!$P$24 -> 0 | AK24: =SUM(AI24,AJ24) -> 0 | AL24: =_xlfn.RANK.EQ(AK24,$AK$5:$AK$104,) -> 1 | AM24: ='[10]Term 2'!$N$24 -> 0 | AN24: ='[10]Term 2'!$P$24 -> 0 | AO24: =SUM(AM24,AN24) -> 0 | AP24: =_xlfn.RANK.EQ(AO24,$AO$5:$AO$104,) -> 1 | AQ24: =SUM(E24,I24,M24,Q24,U24,Y24,AC24,AG24,AK24,AO24) -> 0 | AR24: =_xlfn.RANK.EQ(AQ24,$AQ$5:$AQ$104,) -> 6 | AS24: ±
A25: O021 | C25: ='[1]Term 2'!$N$25 -> 0 | D25: ='[1]Term 2'!$P$25 -> 0 | E25: =SUM(C25,D25) -> 0 | F25: =_xlfn.RANK.EQ(E25,$E$5:$E$104,) -> 6 | G25: ='[2]Term 2'!$N$25 -> 0 | H25: ='[2]Term 2'!$P$25 -> 0 | I25: =SUM(G25,H25) -> 0 | J25: =_xlfn.RANK.EQ(I25,$I$5:$I$104,) -> 1 | K25: ='[3]Term 2'!$N$25 -> 0 | L25: ='[3]Term 2'!$P$25 -> 0 | M25: =SUM(K25,L25) -> 0 | N25: =_xlfn.RANK.EQ(M25,$M$5:$M$104,) -> 1 | O25: ='[4]Term 2'!$N$25 -> 0 | P25: ='[4]Term 2'!$P$25 -> 0 | Q25: =SUM(O25,P25) -> 0 | R25: =_xlfn.RANK.EQ(Q25,$Q$5:$Q$104,) -> 1 | S25: ='[5]Term 2'!$N$25 -> 0 | T25: ='[5]Term 2'!$P$25 -> 0 | U25: =SUM(S25,T25) -> 0 | V25: =_xlfn.RANK.EQ(U25,$U$5:$U$104,) -> 1 | W25: ='[6]Term 2'!$N$25 -> 0 | X25: ='[6]Term 2'!$P$25 -> 0 | Y25: =SUM(W25,X25) -> 0 | Z25: =_xlfn.RANK.EQ(Y25,$Y$5:$Y$104,) -> 1 | AA25: ='[7]Term 2'!$N$25 -> 0 | AB25: ='[7]Term 2'!$P$25 -> 0 | AC25: =SUM(AA25,AB25) -> 0 | AD25: =_xlfn.RANK.EQ(AC25,$AC$5:$AC$104,) -> 1 | AE25: ='[8]Term 2'!$N$25 -> 0 | AF25: ='[8]Term 2'!$P$25 -> 0 | AG25: =SUM(AE25,AF25) -> 0 | AH25: =_xlfn.RANK.EQ(AG25,$AG$5:$AG$104,) -> 1 | AI25: ='[9]Term 2'!$N$25 -> 0 | AJ25: ='[9]Term 2'!$P$25 -> 0 | AK25: =SUM(AI25,AJ25) -> 0 | AL25: =_xlfn.RANK.EQ(AK25,$AK$5:$AK$104,) -> 1 | AM25: ='[10]Term 2'!$N$25 -> 0 | AN25: ='[10]Term 2'!$P$25 -> 0 | AO25: =SUM(AM25,AN25) -> 0 | AP25: =_xlfn.RANK.EQ(AO25,$AO$5:$AO$104,) -> 1 | AQ25: =SUM(E25,I25,M25,Q25,U25,Y25,AC25,AG25,AK25,AO25) -> 0 | AR25: =_xlfn.RANK.EQ(AQ25,$AQ$5:$AQ$104,) -> 6 | AS25: ±
A26: O022 | C26: ='[1]Term 2'!$N$26 -> 0 | D26: ='[1]Term 2'!$P$26 -> 0 | E26: =SUM(C26,D26) -> 0 | F26: =_xlfn.RANK.EQ(E26,$E$5:$E$104,) -> 6 | G26: ='[2]Term 2'!$N$26 -> 0 | H26: ='[2]Term 2'!$P$26 -> 0 | I26: =SUM(G26,H26) -> 0 | J26: =_xlfn.RANK.EQ(I26,$I$5:$I$104,) -> 1 | K26: ='[3]Term 2'!$N$26 -> 0 | L26: ='[3]Term 2'!$P$26 -> 0 | M26: =SUM(K26,L26) -> 0 | N26: =_xlfn.RANK.EQ(M26,$M$5:$M$104,) -> 1 | O26: ='[4]Term 2'!$N$26 -> 0 | P26: ='[4]Term 2'!$P$26 -> 0 | Q26: =SUM(O26,P26) -> 0 | R26: =_xlfn.RANK.EQ(Q26,$Q$5:$Q$104,) -> 1 | S26: ='[5]Term 2'!$N$26 -> 0 | T26: ='[5]Term 2'!$P$26 -> 0 | U26: =SUM(S26,T26) -> 0 | V26: =_xlfn.RANK.EQ(U26,$U$5:$U$104,) -> 1 | W26: ='[6]Term 2'!$N$26 -> 0 | X26: ='[6]Term 2'!$P$26 -> 0 | Y26: =SUM(W26,X26) -> 0 | Z26: =_xlfn.RANK.EQ(Y26,$Y$5:$Y$104,) -> 1 | AA26: ='[7]Term 2'!$N$26 -> 0 | AB26: ='[7]Term 2'!$P$26 -> 0 | AC26: =SUM(AA26,AB26) -> 0 | AD26: =_xlfn.RANK.EQ(AC26,$AC$5:$AC$104,) -> 1 | AE26: ='[8]Term 2'!$N$26 -> 0 | AF26: ='[8]Term 2'!$P$26 -> 0 | AG26: =SUM(AE26,AF26) -> 0 | AH26: =_xlfn.RANK.EQ(AG26,$AG$5:$AG$104,) -> 1 | AI26: ='[9]Term 2'!$N$26 -> 0 | AJ26: ='[9]Term 2'!$P$26 -> 0 | AK26: =SUM(AI26,AJ26) -> 0 | AL26: =_xlfn.RANK.EQ(AK26,$AK$5:$AK$104,) -> 1 | AM26: ='[10]Term 2'!$N$26 -> 0 | AN26: ='[10]Term 2'!$P$26 -> 0 | AO26: =SUM(AM26,AN26) -> 0 | AP26: =_xlfn.RANK.EQ(AO26,$AO$5:$AO$104,) -> 1 | AQ26: =SUM(E26,I26,M26,Q26,U26,Y26,AC26,AG26,AK26,AO26) -> 0 | AR26: =_xlfn.RANK.EQ(AQ26,$AQ$5:$AQ$104,) -> 6 | AS26: ±
A27: O023 | C27: ='[1]Term 2'!$N$27 -> 0 | D27: ='[1]Term 2'!$P$27 -> 0 | E27: =SUM(C27,D27) -> 0 | F27: =_xlfn.RANK.EQ(E27,$E$5:$E$104,) -> 6 | G27: ='[2]Term 2'!$N$27 -> 0 | H27: ='[2]Term 2'!$P$27 -> 0 | I27: =SUM(G27,H27) -> 0 | J27: =_xlfn.RANK.EQ(I27,$I$5:$I$104,) -> 1 | K27: ='[3]Term 2'!$N$27 -> 0 | L27: ='[3]Term 2'!$P$27 -> 0 | M27: =SUM(K27,L27) -> 0 | N27: =_xlfn.RANK.EQ(M27,$M$5:$M$104,) -> 1 | O27: ='[4]Term 2'!$N$27 -> 0 | P27: ='[4]Term 2'!$P$27 -> 0 | Q27: =SUM(O27,P27) -> 0 | R27: =_xlfn.RANK.EQ(Q27,$Q$5:$Q$104,) -> 1 | S27: ='[5]Term 2'!$N$27 -> 0 | T27: ='[5]Term 2'!$P$27 -> 0 | U27: =SUM(S27,T27) -> 0 | V27: =_xlfn.RANK.EQ(U27,$U$5:$U$104,) -> 1 | W27: ='[6]Term 2'!$N$27 -> 0 | X27: ='[6]Term 2'!$P$27 -> 0 | Y27: =SUM(W27,X27) -> 0 | Z27: =_xlfn.RANK.EQ(Y27,$Y$5:$Y$104,) -> 1 | AA27: ='[7]Term 2'!$N$27 -> 0 | AB27: ='[7]Term 2'!$P$27 -> 0 | AC27: =SUM(AA27,AB27) -> 0 | AD27: =_xlfn.RANK.EQ(AC27,$AC$5:$AC$104,) -> 1 | AE27: ='[8]Term 2'!$N$27 -> 0 | AF27: ='[8]Term 2'!$P$27 -> 0 | AG27: =SUM(AE27,AF27) -> 0 | AH27: =_xlfn.RANK.EQ(AG27,$AG$5:$AG$104,) -> 1 | AI27: ='[9]Term 2'!$N$27 -> 0 | AJ27: ='[9]Term 2'!$P$27 -> 0 | AK27: =SUM(AI27,AJ27) -> 0 | AL27: =_xlfn.RANK.EQ(AK27,$AK$5:$AK$104,) -> 1 | AM27: ='[10]Term 2'!$N$27 -> 0 | AN27: ='[10]Term 2'!$P$27 -> 0 | AO27: =SUM(AM27,AN27) -> 0 | AP27: =_xlfn.RANK.EQ(AO27,$AO$5:$AO$104,) -> 1 | AQ27: =SUM(E27,I27,M27,Q27,U27,Y27,AC27,AG27,AK27,AO27) -> 0 | AR27: =_xlfn.RANK.EQ(AQ27,$AQ$5:$AQ$104,) -> 6 | AS27: ±
A28: O024 | C28: ='[1]Term 2'!$N$28 -> 0 | D28: ='[1]Term 2'!$P$28 -> 0 | E28: =SUM(C28,D28) -> 0 | F28: =_xlfn.RANK.EQ(E28,$E$5:$E$104,) -> 6 | G28: ='[2]Term 2'!$N$28 -> 0 | H28: ='[2]Term 2'!$P$28 -> 0 | I28: =SUM(G28,H28) -> 0 | J28: =_xlfn.RANK.EQ(I28,$I$5:$I$104,) -> 1 | K28: ='[3]Term 2'!$N$28 -> 0 | L28: ='[3]Term 2'!$P$28 -> 0 | M28: =SUM(K28,L28) -> 0 | N28: =_xlfn.RANK.EQ(M28,$M$5:$M$104,) -> 1 | O28: ='[4]Term 2'!$N$28 -> 0 | P28: ='[4]Term 2'!$P$28 -> 0 | Q28: =SUM(O28,P28) -> 0 | R28: =_xlfn.RANK.EQ(Q28,$Q$5:$Q$104,) -> 1 | S28: ='[5]Term 2'!$N$28 -> 0 | T28: ='[5]Term 2'!$P$28 -> 0 | U28: =SUM(S28,T28) -> 0 | V28: =_xlfn.RANK.EQ(U28,$U$5:$U$104,) -> 1 | W28: ='[6]Term 2'!$N$28 -> 0 | X28: ='[6]Term 2'!$P$28 -> 0 | Y28: =SUM(W28,X28) -> 0 | Z28: =_xlfn.RANK.EQ(Y28,$Y$5:$Y$104,) -> 1 | AA28: ='[7]Term 2'!$N$28 -> 0 | AB28: ='[7]Term 2'!$P$28 -> 0 | AC28: =SUM(AA28,AB28) -> 0 | AD28: =_xlfn.RANK.EQ(AC28,$AC$5:$AC$104,) -> 1 | AE28: ='[8]Term 2'!$N$28 -> 0 | AF28: ='[8]Term 2'!$P$28 -> 0 | AG28: =SUM(AE28,AF28) -> 0 | AH28: =_xlfn.RANK.EQ(AG28,$AG$5:$AG$104,) -> 1 | AI28: ='[9]Term 2'!$N$28 -> 0 | AJ28: ='[9]Term 2'!$P$28 -> 0 | AK28: =SUM(AI28,AJ28) -> 0 | AL28: =_xlfn.RANK.EQ(AK28,$AK$5:$AK$104,) -> 1 | AM28: ='[10]Term 2'!$N$28 -> 0 | AN28: ='[10]Term 2'!$P$28 -> 0 | AO28: =SUM(AM28,AN28) -> 0 | AP28: =_xlfn.RANK.EQ(AO28,$AO$5:$AO$104,) -> 1 | AQ28: =SUM(E28,I28,M28,Q28,U28,Y28,AC28,AG28,AK28,AO28) -> 0 | AR28: =_xlfn.RANK.EQ(AQ28,$AQ$5:$AQ$104,) -> 6 | AS28: ±
A29: O025 | C29: ='[1]Term 2'!$N$29 -> 0 | D29: ='[1]Term 2'!$P$29 -> 0 | E29: =SUM(C29,D29) -> 0 | F29: =_xlfn.RANK.EQ(E29,$E$5:$E$104,) -> 6 | G29: ='[2]Term 2'!$N$29 -> 0 | H29: ='[2]Term 2'!$P$29 -> 0 | I29: =SUM(G29,H29) -> 0 | J29: =_xlfn.RANK.EQ(I29,$I$5:$I$104,) -> 1 | K29: ='[3]Term 2'!$N$29 -> 0 | L29: ='[3]Term 2'!$P$29 -> 0 | M29: =SUM(K29,L29) -> 0 | N29: =_xlfn.RANK.EQ(M29,$M$5:$M$104,) -> 1 | O29: ='[4]Term 2'!$N$29 -> 0 | P29: ='[4]Term 2'!$P$29 -> 0 | Q29: =SUM(O29,P29) -> 0 | R29: =_xlfn.RANK.EQ(Q29,$Q$5:$Q$104,) -> 1 | S29: ='[5]Term 2'!$N$29 -> 0 | T29: ='[5]Term 2'!$P$29 -> 0 | U29: =SUM(S29,T29) -> 0 | V29: =_xlfn.RANK.EQ(U29,$U$5:$U$104,) -> 1 | W29: ='[6]Term 2'!$N$29 -> 0 | X29: ='[6]Term 2'!$P$29 -> 0 | Y29: =SUM(W29,X29) -> 0 | Z29: =_xlfn.RANK.EQ(Y29,$Y$5:$Y$104,) -> 1 | AA29: ='[7]Term 2'!$N$29 -> 0 | AB29: ='[7]Term 2'!$P$29 -> 0 | AC29: =SUM(AA29,AB29) -> 0 | AD29: =_xlfn.RANK.EQ(AC29,$AC$5:$AC$104,) -> 1 | AE29: ='[8]Term 2'!$N$29 -> 0 | AF29: ='[8]Term 2'!$P$29 -> 0 | AG29: =SUM(AE29,AF29) -> 0 | AH29: =_xlfn.RANK.EQ(AG29,$AG$5:$AG$104,) -> 1 | AI29: ='[9]Term 2'!$N$29 -> 0 | AJ29: ='[9]Term 2'!$P$29 -> 0 | AK29: =SUM(AI29,AJ29) -> 0 | AL29: =_xlfn.RANK.EQ(AK29,$AK$5:$AK$104,) -> 1 | AM29: ='[10]Term 2'!$N$29 -> 0 | AN29: ='[10]Term 2'!$P$29 -> 0 | AO29: =SUM(AM29,AN29) -> 0 | AP29: =_xlfn.RANK.EQ(AO29,$AO$5:$AO$104,) -> 1 | AQ29: =SUM(E29,I29,M29,Q29,U29,Y29,AC29,AG29,AK29,AO29) -> 0 | AR29: =_xlfn.RANK.EQ(AQ29,$AQ$5:$AQ$104,) -> 6 | AS29: ±
A30: O026 | C30: ='[1]Term 2'!$N$30 -> 0 | D30: ='[1]Term 2'!$P$30 -> 0 | E30: =SUM(C30,D30) -> 0 | F30: =_xlfn.RANK.EQ(E30,$E$5:$E$104,) -> 6 | G30: ='[2]Term 2'!$N$30 -> 0 | H30: ='[2]Term 2'!$P$30 -> 0 | I30: =SUM(G30,H30) -> 0 | J30: =_xlfn.RANK.EQ(I30,$I$5:$I$104,) -> 1 | K30: ='[3]Term 2'!$N$30 -> 0 | L30: ='[3]Term 2'!$P$30 -> 0 | M30: =SUM(K30,L30) -> 0 | N30: =_xlfn.RANK.EQ(M30,$M$5:$M$104,) -> 1 | O30: ='[4]Term 2'!$N$30 -> 0 | P30: ='[4]Term 2'!$P$30 -> 0 | Q30: =SUM(O30,P30) -> 0 | R30: =_xlfn.RANK.EQ(Q30,$Q$5:$Q$104,) -> 1 | S30: ='[5]Term 2'!$N$30 -> 0 | T30: ='[5]Term 2'!$P$30 -> 0 | U30: =SUM(S30,T30) -> 0 | V30: =_xlfn.RANK.EQ(U30,$U$5:$U$104,) -> 1 | W30: ='[6]Term 2'!$N$30 -> 0 | X30: ='[6]Term 2'!$P$30 -> 0 | Y30: =SUM(W30,X30) -> 0 | Z30: =_xlfn.RANK.EQ(Y30,$Y$5:$Y$104,) -> 1 | AA30: ='[7]Term 2'!$N$30 -> 0 | AB30: ='[7]Term 2'!$P$30 -> 0 | AC30: =SUM(AA30,AB30) -> 0 | AD30: =_xlfn.RANK.EQ(AC30,$AC$5:$AC$104,) -> 1 | AE30: ='[8]Term 2'!$N$30 -> 0 | AF30: ='[8]Term 2'!$P$30 -> 0 | AG30: =SUM(AE30,AF30) -> 0 | AH30: =_xlfn.RANK.EQ(AG30,$AG$5:$AG$104,) -> 1 | AI30: ='[9]Term 2'!$N$30 -> 0 | AJ30: ='[9]Term 2'!$P$30 -> 0 | AK30: =SUM(AI30,AJ30) -> 0 | AL30: =_xlfn.RANK.EQ(AK30,$AK$5:$AK$104,) -> 1 | AM30: ='[10]Term 2'!$N$30 -> 0 | AN30: ='[10]Term 2'!$P$30 -> 0 | AO30: =SUM(AM30,AN30) -> 0 | AP30: =_xlfn.RANK.EQ(AO30,$AO$5:$AO$104,) -> 1 | AQ30: =SUM(E30,I30,M30,Q30,U30,Y30,AC30,AG30,AK30,AO30) -> 0 | AR30: =_xlfn.RANK.EQ(AQ30,$AQ$5:$AQ$104,) -> 6 | AS30: ±
A31: O027 | C31: ='[1]Term 2'!$N$31 -> 0 | D31: ='[1]Term 2'!$P$31 -> 0 | E31: =SUM(C31,D31) -> 0 | F31: =_xlfn.RANK.EQ(E31,$E$5:$E$104,) -> 6 | G31: ='[2]Term 2'!$N$31 -> 0 | H31: ='[2]Term 2'!$P$31 -> 0 | I31: =SUM(G31,H31) -> 0 | J31: =_xlfn.RANK.EQ(I31,$I$5:$I$104,) -> 1 | K31: ='[3]Term 2'!$N$31 -> 0 | L31: ='[3]Term 2'!$P$31 -> 0 | M31: =SUM(K31,L31) -> 0 | N31: =_xlfn.RANK.EQ(M31,$M$5:$M$104,) -> 1 | O31: ='[4]Term 2'!$N$31 -> 0 | P31: ='[4]Term 2'!$P$31 -> 0 | Q31: =SUM(O31,P31) -> 0 | R31: =_xlfn.RANK.EQ(Q31,$Q$5:$Q$104,) -> 1 | S31: ='[5]Term 2'!$N$31 -> 0 | T31: ='[5]Term 2'!$P$31 -> 0 | U31: =SUM(S31,T31) -> 0 | V31: =_xlfn.RANK.EQ(U31,$U$5:$U$104,) -> 1 | W31: ='[6]Term 2'!$N$31 -> 0 | X31: ='[6]Term 2'!$P$31 -> 0 | Y31: =SUM(W31,X31) -> 0 | Z31: =_xlfn.RANK.EQ(Y31,$Y$5:$Y$104,) -> 1 | AA31: ='[7]Term 2'!$N$31 -> 0 | AB31: ='[7]Term 2'!$P$31 -> 0 | AC31: =SUM(AA31,AB31) -> 0 | AD31: =_xlfn.RANK.EQ(AC31,$AC$5:$AC$104,) -> 1 | AE31: ='[8]Term 2'!$N$31 -> 0 | AF31: ='[8]Term 2'!$P$31 -> 0 | AG31: =SUM(AE31,AF31) -> 0 | AH31: =_xlfn.RANK.EQ(AG31,$AG$5:$AG$104,) -> 1 | AI31: ='[9]Term 2'!$N$31 -> 0 | AJ31: ='[9]Term 2'!$P$31 -> 0 | AK31: =SUM(AI31,AJ31) -> 0 | AL31: =_xlfn.RANK.EQ(AK31,$AK$5:$AK$104,) -> 1 | AM31: ='[10]Term 2'!$N$31 -> 0 | AN31: ='[10]Term 2'!$P$31 -> 0 | AO31: =SUM(AM31,AN31) -> 0 | AP31: =_xlfn.RANK.EQ(AO31,$AO$5:$AO$104,) -> 1 | AQ31: =SUM(E31,I31,M31,Q31,U31,Y31,AC31,AG31,AK31,AO31) -> 0 | AR31: =_xlfn.RANK.EQ(AQ31,$AQ$5:$AQ$104,) -> 6 | AS31: ±
A32: O028 | C32: ='[1]Term 2'!$N$32 -> 0 | D32: ='[1]Term 2'!$P$32 -> 0 | E32: =SUM(C32,D32) -> 0 | F32: =_xlfn.RANK.EQ(E32,$E$5:$E$104,) -> 6 | G32: ='[2]Term 2'!$N$32 -> 0 | H32: ='[2]Term 2'!$P$32 -> 0 | I32: =SUM(G32,H32) -> 0 | J32: =_xlfn.RANK.EQ(I32,$I$5:$I$104,) -> 1 | K32: ='[3]Term 2'!$N$32 -> 0 | L32: ='[3]Term 2'!$P$32 -> 0 | M32: =SUM(K32,L32) -> 0 | N32: =_xlfn.RANK.EQ(M32,$M$5:$M$104,) -> 1 | O32: ='[4]Term 2'!$N$32 -> 0 | P32: ='[4]Term 2'!$P$32 -> 0 | Q32: =SUM(O32,P32) -> 0 | R32: =_xlfn.RANK.EQ(Q32,$Q$5:$Q$104,) -> 1 | S32: ='[5]Term 2'!$N$32 -> 0 | T32: ='[5]Term 2'!$P$32 -> 0 | U32: =SUM(S32,T32) -> 0 | V32: =_xlfn.RANK.EQ(U32,$U$5:$U$104,) -> 1 | W32: ='[6]Term 2'!$N$32 -> 0 | X32: ='[6]Term 2'!$P$32 -> 0 | Y32: =SUM(W32,X32) -> 0 | Z32: =_xlfn.RANK.EQ(Y32,$Y$5:$Y$104,) -> 1 | AA32: ='[7]Term 2'!$N$32 -> 0 | AB32: ='[7]Term 2'!$P$32 -> 0 | AC32: =SUM(AA32,AB32) -> 0 | AD32: =_xlfn.RANK.EQ(AC32,$AC$5:$AC$104,) -> 1 | AE32: ='[8]Term 2'!$N$32 -> 0 | AF32: ='[8]Term 2'!$P$32 -> 0 | AG32: =SUM(AE32,AF32) -> 0 | AH32: =_xlfn.RANK.EQ(AG32,$AG$5:$AG$104,) -> 1 | AI32: ='[9]Term 2'!$N$32 -> 0 | AJ32: ='[9]Term 2'!$P$32 -> 0 | AK32: =SUM(AI32,AJ32) -> 0 | AL32: =_xlfn.RANK.EQ(AK32,$AK$5:$AK$104,) -> 1 | AM32: ='[10]Term 2'!$N$32 -> 0 | AN32: ='[10]Term 2'!$P$32 -> 0 | AO32: =SUM(AM32,AN32) -> 0 | AP32: =_xlfn.RANK.EQ(AO32,$AO$5:$AO$104,) -> 1 | AQ32: =SUM(E32,I32,M32,Q32,U32,Y32,AC32,AG32,AK32,AO32) -> 0 | AR32: =_xlfn.RANK.EQ(AQ32,$AQ$5:$AQ$104,) -> 6 | AS32: ±
A33: O029 | C33: ='[1]Term 2'!$N$33 -> 0 | D33: ='[1]Term 2'!$P$33 -> 0 | E33: =SUM(C33,D33) -> 0 | F33: =_xlfn.RANK.EQ(E33,$E$5:$E$104,) -> 6 | G33: ='[2]Term 2'!$N$33 -> 0 | H33: ='[2]Term 2'!$P$33 -> 0 | I33: =SUM(G33,H33) -> 0 | J33: =_xlfn.RANK.EQ(I33,$I$5:$I$104,) -> 1 | K33: ='[3]Term 2'!$N$33 -> 0 | L33: ='[3]Term 2'!$P$33 -> 0 | M33: =SUM(K33,L33) -> 0 | N33: =_xlfn.RANK.EQ(M33,$M$5:$M$104,) -> 1 | O33: ='[4]Term 2'!$N$33 -> 0 | P33: ='[4]Term 2'!$P$33 -> 0 | Q33: =SUM(O33,P33) -> 0 | R33: =_xlfn.RANK.EQ(Q33,$Q$5:$Q$104,) -> 1 | S33: ='[5]Term 2'!$N$33 -> 0 | T33: ='[5]Term 2'!$P$33 -> 0 | U33: =SUM(S33,T33) -> 0 | V33: =_xlfn.RANK.EQ(U33,$U$5:$U$104,) -> 1 | W33: ='[6]Term 2'!$N$33 -> 0 | X33: ='[6]Term 2'!$P$33 -> 0 | Y33: =SUM(W33,X33) -> 0 | Z33: =_xlfn.RANK.EQ(Y33,$Y$5:$Y$104,) -> 1 | AA33: ='[7]Term 2'!$N$33 -> 0 | AB33: ='[7]Term 2'!$P$33 -> 0 | AC33: =SUM(AA33,AB33) -> 0 | AD33: =_xlfn.RANK.EQ(AC33,$AC$5:$AC$104,) -> 1 | AE33: ='[8]Term 2'!$N$33 -> 0 | AF33: ='[8]Term 2'!$P$33 -> 0 | AG33: =SUM(AE33,AF33) -> 0 | AH33: =_xlfn.RANK.EQ(AG33,$AG$5:$AG$104,) -> 1 | AI33: ='[9]Term 2'!$N$33 -> 0 | AJ33: ='[9]Term 2'!$P$33 -> 0 | AK33: =SUM(AI33,AJ33) -> 0 | AL33: =_xlfn.RANK.EQ(AK33,$AK$5:$AK$104,) -> 1 | AM33: ='[10]Term 2'!$N$33 -> 0 | AN33: ='[10]Term 2'!$P$33 -> 0 | AO33: =SUM(AM33,AN33) -> 0 | AP33: =_xlfn.RANK.EQ(AO33,$AO$5:$AO$104,) -> 1 | AQ33: =SUM(E33,I33,M33,Q33,U33,Y33,AC33,AG33,AK33,AO33) -> 0 | AR33: =_xlfn.RANK.EQ(AQ33,$AQ$5:$AQ$104,) -> 6 | AS33: ±
A34: O030 | C34: ='[1]Term 2'!$N$34 -> 0 | D34: ='[1]Term 2'!$P$34 -> 0 | E34: =SUM(C34,D34) -> 0 | F34: =_xlfn.RANK.EQ(E34,$E$5:$E$104,) -> 6 | G34: ='[2]Term 2'!$N$34 -> 0 | H34: ='[2]Term 2'!$P$34 -> 0 | I34: =SUM(G34,H34) -> 0 | J34: =_xlfn.RANK.EQ(I34,$I$5:$I$104,) -> 1 | K34: ='[3]Term 2'!$N$34 -> 0 | L34: ='[3]Term 2'!$P$34 -> 0 | M34: =SUM(K34,L34) -> 0 | N34: =_xlfn.RANK.EQ(M34,$M$5:$M$104,) -> 1 | O34: ='[4]Term 2'!$N$34 -> 0 | P34: ='[4]Term 2'!$P$34 -> 0 | Q34: =SUM(O34,P34) -> 0 | R34: =_xlfn.RANK.EQ(Q34,$Q$5:$Q$104,) -> 1 | S34: ='[5]Term 2'!$N$34 -> 0 | T34: ='[5]Term 2'!$P$34 -> 0 | U34: =SUM(S34,T34) -> 0 | V34: =_xlfn.RANK.EQ(U34,$U$5:$U$104,) -> 1 | W34: ='[6]Term 2'!$N$34 -> 0 | X34: ='[6]Term 2'!$P$34 -> 0 | Y34: =SUM(W34,X34) -> 0 | Z34: =_xlfn.RANK.EQ(Y34,$Y$5:$Y$104,) -> 1 | AA34: ='[7]Term 2'!$N$34 -> 0 | AB34: ='[7]Term 2'!$P$34 -> 0 | AC34: =SUM(AA34,AB34) -> 0 | AD34: =_xlfn.RANK.EQ(AC34,$AC$5:$AC$104,) -> 1 | AE34: ='[8]Term 2'!$N$34 -> 0 | AF34: ='[8]Term 2'!$P$34 -> 0 | AG34: =SUM(AE34,AF34) -> 0 | AH34: =_xlfn.RANK.EQ(AG34,$AG$5:$AG$104,) -> 1 | AI34: ='[9]Term 2'!$N$34 -> 0 | AJ34: ='[9]Term 2'!$P$34 -> 0 | AK34: =SUM(AI34,AJ34) -> 0 | AL34: =_xlfn.RANK.EQ(AK34,$AK$5:$AK$104,) -> 1 | AM34: ='[10]Term 2'!$N$34 -> 0 | AN34: ='[10]Term 2'!$P$34 -> 0 | AO34: =SUM(AM34,AN34) -> 0 | AP34: =_xlfn.RANK.EQ(AO34,$AO$5:$AO$104,) -> 1 | AQ34: =SUM(E34,I34,M34,Q34,U34,Y34,AC34,AG34,AK34,AO34) -> 0 | AR34: =_xlfn.RANK.EQ(AQ34,$AQ$5:$AQ$104,) -> 6 | AS34: ±
A35: O031 | C35: ='[1]Term 2'!$N$35 -> 0 | D35: ='[1]Term 2'!$P$35 -> 0 | E35: =SUM(C35,D35) -> 0 | F35: =_xlfn.RANK.EQ(E35,$E$5:$E$104,) -> 6 | G35: ='[2]Term 2'!$N$35 -> 0 | H35: ='[2]Term 2'!$P$35 -> 0 | I35: =SUM(G35,H35) -> 0 | J35: =_xlfn.RANK.EQ(I35,$I$5:$I$104,) -> 1 | K35: ='[3]Term 2'!$N$35 -> 0 | L35: ='[3]Term 2'!$P$35 -> 0 | M35: =SUM(K35,L35) -> 0 | N35: =_xlfn.RANK.EQ(M35,$M$5:$M$104,) -> 1 | O35: ='[4]Term 2'!$N$35 -> 0 | P35: ='[4]Term 2'!$P$35 -> 0 | Q35: =SUM(O35,P35) -> 0 | R35: =_xlfn.RANK.EQ(Q35,$Q$5:$Q$104,) -> 1 | S35: ='[5]Term 2'!$N$35 -> 0 | T35: ='[5]Term 2'!$P$35 -> 0 | U35: =SUM(S35,T35) -> 0 | V35: =_xlfn.RANK.EQ(U35,$U$5:$U$104,) -> 1 | W35: ='[6]Term 2'!$N$35 -> 0 | X35: ='[6]Term 2'!$P$35 -> 0 | Y35: =SUM(W35,X35) -> 0 | Z35: =_xlfn.RANK.EQ(Y35,$Y$5:$Y$104,) -> 1 | AA35: ='[7]Term 2'!$N$35 -> 0 | AB35: ='[7]Term 2'!$P$35 -> 0 | AC35: =SUM(AA35,AB35) -> 0 | AD35: =_xlfn.RANK.EQ(AC35,$AC$5:$AC$104,) -> 1 | AE35: ='[8]Term 2'!$N$35 -> 0 | AF35: ='[8]Term 2'!$P$35 -> 0 | AG35: =SUM(AE35,AF35) -> 0 | AH35: =_xlfn.RANK.EQ(AG35,$AG$5:$AG$104,) -> 1 | AI35: ='[9]Term 2'!$N$35 -> 0 | AJ35: ='[9]Term 2'!$P$35 -> 0 | AK35: =SUM(AI35,AJ35) -> 0 | AL35: =_xlfn.RANK.EQ(AK35,$AK$5:$AK$104,) -> 1 | AM35: ='[10]Term 2'!$N$35 -> 0 | AN35: ='[10]Term 2'!$P$35 -> 0 | AO35: =SUM(AM35,AN35) -> 0 | AP35: =_xlfn.RANK.EQ(AO35,$AO$5:$AO$104,) -> 1 | AQ35: =SUM(E35,I35,M35,Q35,U35,Y35,AC35,AG35,AK35,AO35) -> 0 | AR35: =_xlfn.RANK.EQ(AQ35,$AQ$5:$AQ$104,) -> 6 | AS35: ±
A36: O032 | C36: ='[1]Term 2'!$N$36 -> 0 | D36: ='[1]Term 2'!$P$36 -> 0 | E36: =SUM(C36,D36) -> 0 | F36: =_xlfn.RANK.EQ(E36,$E$5:$E$104,) -> 6 | G36: ='[2]Term 2'!$N$36 -> 0 | H36: ='[2]Term 2'!$P$36 -> 0 | I36: =SUM(G36,H36) -> 0 | J36: =_xlfn.RANK.EQ(I36,$I$5:$I$104,) -> 1 | K36: ='[3]Term 2'!$N$36 -> 0 | L36: ='[3]Term 2'!$P$36 -> 0 | M36: =SUM(K36,L36) -> 0 | N36: =_xlfn.RANK.EQ(M36,$M$5:$M$104,) -> 1 | O36: ='[4]Term 2'!$N$36 -> 0 | P36: ='[4]Term 2'!$P$36 -> 0 | Q36: =SUM(O36,P36) -> 0 | R36: =_xlfn.RANK.EQ(Q36,$Q$5:$Q$104,) -> 1 | S36: ='[5]Term 2'!$N$36 -> 0 | T36: ='[5]Term 2'!$P$36 -> 0 | U36: =SUM(S36,T36) -> 0 | V36: =_xlfn.RANK.EQ(U36,$U$5:$U$104,) -> 1 | W36: ='[6]Term 2'!$N$36 -> 0 | X36: ='[6]Term 2'!$P$36 -> 0 | Y36: =SUM(W36,X36) -> 0 | Z36: =_xlfn.RANK.EQ(Y36,$Y$5:$Y$104,) -> 1 | AA36: ='[7]Term 2'!$N$36 -> 0 | AB36: ='[7]Term 2'!$P$36 -> 0 | AC36: =SUM(AA36,AB36) -> 0 | AD36: =_xlfn.RANK.EQ(AC36,$AC$5:$AC$104,) -> 1 | AE36: ='[8]Term 2'!$N$36 -> 0 | AF36: ='[8]Term 2'!$P$36 -> 0 | AG36: =SUM(AE36,AF36) -> 0 | AH36: =_xlfn.RANK.EQ(AG36,$AG$5:$AG$104,) -> 1 | AI36: ='[9]Term 2'!$N$36 -> 0 | AJ36: ='[9]Term 2'!$P$36 -> 0 | AK36: =SUM(AI36,AJ36) -> 0 | AL36: =_xlfn.RANK.EQ(AK36,$AK$5:$AK$104,) -> 1 | AM36: ='[10]Term 2'!$N$36 -> 0 | AN36: ='[10]Term 2'!$P$36 -> 0 | AO36: =SUM(AM36,AN36) -> 0 | AP36: =_xlfn.RANK.EQ(AO36,$AO$5:$AO$104,) -> 1 | AQ36: =SUM(E36,I36,M36,Q36,U36,Y36,AC36,AG36,AK36,AO36) -> 0 | AR36: =_xlfn.RANK.EQ(AQ36,$AQ$5:$AQ$104,) -> 6 | AS36: ±
A37: O033 | C37: ='[1]Term 2'!$N$37 -> 0 | D37: ='[1]Term 2'!$P$37 -> 0 | E37: =SUM(C37,D37) -> 0 | F37: =_xlfn.RANK.EQ(E37,$E$5:$E$104,) -> 6 | G37: ='[2]Term 2'!$N$37 -> 0 | H37: ='[2]Term 2'!$P$37 -> 0 | I37: =SUM(G37,H37) -> 0 | J37: =_xlfn.RANK.EQ(I37,$I$5:$I$104,) -> 1 | K37: ='[3]Term 2'!$N$37 -> 0 | L37: ='[3]Term 2'!$P$37 -> 0 | M37: =SUM(K37,L37) -> 0 | N37: =_xlfn.RANK.EQ(M37,$M$5:$M$104,) -> 1 | O37: ='[4]Term 2'!$N$37 -> 0 | P37: ='[4]Term 2'!$P$37 -> 0 | Q37: =SUM(O37,P37) -> 0 | R37: =_xlfn.RANK.EQ(Q37,$Q$5:$Q$104,) -> 1 | S37: ='[5]Term 2'!$N$37 -> 0 | T37: ='[5]Term 2'!$P$37 -> 0 | U37: =SUM(S37,T37) -> 0 | V37: =_xlfn.RANK.EQ(U37,$U$5:$U$104,) -> 1 | W37: ='[6]Term 2'!$N$37 -> 0 | X37: ='[6]Term 2'!$P$37 -> 0 | Y37: =SUM(W37,X37) -> 0 | Z37: =_xlfn.RANK.EQ(Y37,$Y$5:$Y$104,) -> 1 | AA37: ='[7]Term 2'!$N$37 -> 0 | AB37: ='[7]Term 2'!$P$37 -> 0 | AC37: =SUM(AA37,AB37) -> 0 | AD37: =_xlfn.RANK.EQ(AC37,$AC$5:$AC$104,) -> 1 | AE37: ='[8]Term 2'!$N$37 -> 0 | AF37: ='[8]Term 2'!$P$37 -> 0 | AG37: =SUM(AE37,AF37) -> 0 | AH37: =_xlfn.RANK.EQ(AG37,$AG$5:$AG$104,) -> 1 | AI37: ='[9]Term 2'!$N$37 -> 0 | AJ37: ='[9]Term 2'!$P$37 -> 0 | AK37: =SUM(AI37,AJ37) -> 0 | AL37: =_xlfn.RANK.EQ(AK37,$AK$5:$AK$104,) -> 1 | AM37: ='[10]Term 2'!$N$37 -> 0 | AN37: ='[10]Term 2'!$P$37 -> 0 | AO37: =SUM(AM37,AN37) -> 0 | AP37: =_xlfn.RANK.EQ(AO37,$AO$5:$AO$104,) -> 1 | AQ37: =SUM(E37,I37,M37,Q37,U37,Y37,AC37,AG37,AK37,AO37) -> 0 | AR37: =_xlfn.RANK.EQ(AQ37,$AQ$5:$AQ$104,) -> 6 | AS37: ±
A38: O034 | C38: ='[1]Term 2'!$N$38 -> 0 | D38: ='[1]Term 2'!$P$38 -> 0 | E38: =SUM(C38,D38) -> 0 | F38: =_xlfn.RANK.EQ(E38,$E$5:$E$104,) -> 6 | G38: ='[2]Term 2'!$N$38 -> 0 | H38: ='[2]Term 2'!$P$38 -> 0 | I38: =SUM(G38,H38) -> 0 | J38: =_xlfn.RANK.EQ(I38,$I$5:$I$104,) -> 1 | K38: ='[3]Term 2'!$N$38 -> 0 | L38: ='[3]Term 2'!$P$38 -> 0 | M38: =SUM(K38,L38) -> 0 | N38: =_xlfn.RANK.EQ(M38,$M$5:$M$104,) -> 1 | O38: ='[4]Term 2'!$N$38 -> 0 | P38: ='[4]Term 2'!$P$38 -> 0 | Q38: =SUM(O38,P38) -> 0 | R38: =_xlfn.RANK.EQ(Q38,$Q$5:$Q$104,) -> 1 | S38: ='[5]Term 2'!$N$38 -> 0 | T38: ='[5]Term 2'!$P$38 -> 0 | U38: =SUM(S38,T38) -> 0 | V38: =_xlfn.RANK.EQ(U38,$U$5:$U$104,) -> 1 | W38: ='[6]Term 2'!$N$38 -> 0 | X38: ='[6]Term 2'!$P$38 -> 0 | Y38: =SUM(W38,X38) -> 0 | Z38: =_xlfn.RANK.EQ(Y38,$Y$5:$Y$104,) -> 1 | AA38: ='[7]Term 2'!$N$38 -> 0 | AB38: ='[7]Term 2'!$P$38 -> 0 | AC38: =SUM(AA38,AB38) -> 0 | AD38: =_xlfn.RANK.EQ(AC38,$AC$5:$AC$104,) -> 1 | AE38: ='[8]Term 2'!$N$38 -> 0 | AF38: ='[8]Term 2'!$P$38 -> 0 | AG38: =SUM(AE38,AF38) -> 0 | AH38: =_xlfn.RANK.EQ(AG38,$AG$5:$AG$104,) -> 1 | AI38: ='[9]Term 2'!$N$38 -> 0 | AJ38: ='[9]Term 2'!$P$38 -> 0 | AK38: =SUM(AI38,AJ38) -> 0 | AL38: =_xlfn.RANK.EQ(AK38,$AK$5:$AK$104,) -> 1 | AM38: ='[10]Term 2'!$N$38 -> 0 | AN38: ='[10]Term 2'!$P$38 -> 0 | AO38: =SUM(AM38,AN38) -> 0 | AP38: =_xlfn.RANK.EQ(AO38,$AO$5:$AO$104,) -> 1 | AQ38: =SUM(E38,I38,M38,Q38,U38,Y38,AC38,AG38,AK38,AO38) -> 0 | AR38: =_xlfn.RANK.EQ(AQ38,$AQ$5:$AQ$104,) -> 6 | AS38: ±
A39: O035 | C39: ='[1]Term 2'!$N$39 -> 0 | D39: ='[1]Term 2'!$P$39 -> 0 | E39: =SUM(C39,D39) -> 0 | F39: =_xlfn.RANK.EQ(E39,$E$5:$E$104,) -> 6 | G39: ='[2]Term 2'!$N$39 -> 0 | H39: ='[2]Term 2'!$P$39 -> 0 | I39: =SUM(G39,H39) -> 0 | J39: =_xlfn.RANK.EQ(I39,$I$5:$I$104,) -> 1 | K39: ='[3]Term 2'!$N$39 -> 0 | L39: ='[3]Term 2'!$P$39 -> 0 | M39: =SUM(K39,L39) -> 0 | N39: =_xlfn.RANK.EQ(M39,$M$5:$M$104,) -> 1 | O39: ='[4]Term 2'!$N$39 -> 0 | P39: ='[4]Term 2'!$P$39 -> 0 | Q39: =SUM(O39,P39) -> 0 | R39: =_xlfn.RANK.EQ(Q39,$Q$5:$Q$104,) -> 1 | S39: ='[5]Term 2'!$N$39 -> 0 | T39: ='[5]Term 2'!$P$39 -> 0 | U39: =SUM(S39,T39) -> 0 | V39: =_xlfn.RANK.EQ(U39,$U$5:$U$104,) -> 1 | W39: ='[6]Term 2'!$N$39 -> 0 | X39: ='[6]Term 2'!$P$39 -> 0 | Y39: =SUM(W39,X39) -> 0 | Z39: =_xlfn.RANK.EQ(Y39,$Y$5:$Y$104,) -> 1 | AA39: ='[7]Term 2'!$N$39 -> 0 | AB39: ='[7]Term 2'!$P$39 -> 0 | AC39: =SUM(AA39,AB39) -> 0 | AD39: =_xlfn.RANK.EQ(AC39,$AC$5:$AC$104,) -> 1 | AE39: ='[8]Term 2'!$N$39 -> 0 | AF39: ='[8]Term 2'!$P$39 -> 0 | AG39: =SUM(AE39,AF39) -> 0 | AH39: =_xlfn.RANK.EQ(AG39,$AG$5:$AG$104,) -> 1 | AI39: ='[9]Term 2'!$N$39 -> 0 | AJ39: ='[9]Term 2'!$P$39 -> 0 | AK39: =SUM(AI39,AJ39) -> 0 | AL39: =_xlfn.RANK.EQ(AK39,$AK$5:$AK$104,) -> 1 | AM39: ='[10]Term 2'!$N$39 -> 0 | AN39: ='[10]Term 2'!$P$39 -> 0 | AO39: =SUM(AM39,AN39) -> 0 | AP39: =_xlfn.RANK.EQ(AO39,$AO$5:$AO$104,) -> 1 | AQ39: =SUM(E39,I39,M39,Q39,U39,Y39,AC39,AG39,AK39,AO39) -> 0 | AR39: =_xlfn.RANK.EQ(AQ39,$AQ$5:$AQ$104,) -> 6 | AS39: ±
